,neighborhood,1.5.1. Población en etapas educativas (01/01/2018),0 a 2 años,Infantil (3 a 5 años),Primaria (6 a 11 años),Secundaria (12 a 15 años),Etapas educativas. Total niños,Etapas educativas. Total niñas,No sabe leer ni escribir o sin estudios,Primaria incompleta,"Bachiller Elemental, Graduado Escolar, ESO, Formación profesional 1º grado","Formación profesional 2º grado, Bachiller Superior o BUP","Titulados medios, diplomados, arquitecto o ingeniero técnico","Estudios superiores, licenciado, arquitecto o ingeniero superior, estudios superiores no universitarios, doctorado, estudios postgraduados",Nivel de estudios desconocido y no consta,1.5.4. Programa de prevención y control del absentismo escolar
0,Palacio,1.0,0.1993801652892562,0.1725206611570248,0.3615702479338843,0.2665289256198347,0.49213011542497376,0.5078698845750262,0.028137310073157007,0.07387322862843403,0.17966951450350438,0.185041182790198,0.10288023737657953,0.4296311454443137,0.0007673811838133729,1.0
1,Embajadores,1.0,0.227880658436214,0.1934156378600823,0.37088477366255146,0.20781893004115226,0.5126598144898471,0.4873401855101529,0.04504293520686963,0.10023419203747072,0.21860525631017436,0.1835545147020557,0.08940931563882383,0.36226906062971637,0.0008847254748894093,1.0
2,Cortes,1.0,0.2761394101876676,0.2064343163538874,0.289544235924933,0.22788203753351208,0.510498687664042,0.489501312335958,0.0210352422907489,0.06167400881057269,0.1538546255506608,0.19041850220264317,0.09823788546255506,0.47455947136563875,0.00022026431718061675,0.9999999999999999
3,Justicia,1.0,0.21458046767537828,0.20220082530949107,0.35488308115543327,0.22833562585969738,0.49965588437715075,0.5003441156228493,0.016683831101956745,0.056162032269138344,0.1558530724339169,0.17782354960521798,0.09495365602471678,0.4976999656711294,0.0008238928939237899,0.9999999999999999
4,Universidad,1.0,0.22552166934189405,0.17576243980738362,0.3780096308186196,0.22070626003210272,0.511180855237348,0.48881914476265204,0.02241955014126885,0.06931347007668881,0.17843907092797123,0.18210839173668955,0.10494257512934356,0.4418596117858584,0.0009173302021795765,1.0
5,Sol,1.0,0.199203187250996,0.2350597609561753,0.3705179282868526,0.1952191235059761,0.509765625,0.490234375,0.02087616637671991,0.0662660129685276,0.19152301122884707,0.20180294164162582,0.10011070694290684,0.4186303969634667,0.0007907638779060573,1.0
6,Imperial,1.0,0.18930957683741648,0.17074981440237566,0.37193763919821826,0.2680029695619896,0.5007412898443291,0.49925871015567086,0.023904165532262454,0.08298393683637353,0.18333787095017698,0.2023958616934386,0.1255104818949088,0.38001633542063706,0.0018513476722025592,0.9999999999999999
7,Las Acacias,1.0,0.19018715225088517,0.17754172989377845,0.3798684876074861,0.25240263024785026,0.5005053057099546,0.4994946942900455,0.023955301281407874,0.0822710696242765,0.17869450299441267,0.19488775134664926,0.127270902338653,0.3905450165612767,0.002375455853323965,1.0
8,La Chopera,1.0,0.24199623352165725,0.2137476459510358,0.3314500941619586,0.2128060263653484,0.5067347886669763,0.4932652113330237,0.03637353991405919,0.1074260122253828,0.269503116867397,0.20831568117170005,0.10282636325122556,0.2745869394177813,0.0009683471524541548,1.0
9,Legazpi,1.0,0.20021528525296017,0.20129171151776104,0.37944025834230355,0.21905274488697524,0.518902123252201,0.4810978767477991,0.012378674919116612,0.04388802925868617,0.13743142495428332,0.1827964551976368,0.15030243353495568,0.47285131523421015,0.0003516669011112674,1.0
10,Las Delicias,1.0,0.1967380224260958,0.18399592252803262,0.382262996941896,0.23700305810397554,0.5041698256254739,0.49583017437452614,0.02372034956304619,0.07842049290239053,0.2082119572756277,0.1913811439404448,0.12387293660701901,0.3736533037406945,0.0007398159707772691,1.0
11,Palos de Moguer,1.0,0.20494417862838915,0.19218500797448165,0.3708133971291866,0.23205741626794257,0.5043478260869565,0.4956521739130435,0.03114283066085828,0.09185281305032904,0.2154045787376031,0.18903512837148947,0.10937065529706182,0.36249884141254984,0.0006951524701084438,1.0
12,Atocha,1.0,0.20535714285714285,0.13392857142857142,0.39285714285714285,0.26785714285714285,0.5371900826446281,0.4628099173553719,0.02214022140221402,0.07380073800738007,0.2521525215252153,0.24723247232472326,0.12546125461254612,0.27921279212792127,0.0,1.0
13,Pacífico,1.0,0.18504366812227074,0.20087336244541484,0.3722707423580786,0.2418122270742358,0.4868347338935574,0.5131652661064425,0.02213192076046731,0.07390610260503593,0.17560409259124882,0.20412161671867063,0.12807488571221246,0.3948189536318119,0.0013424279805529353,1.0
14,Adelfas,1.0,0.17736757624398075,0.20947030497592295,0.35874799357945425,0.25441412520064205,0.5047694753577107,0.49523052464228934,0.025763358778625955,0.07654034896401309,0.17727644492911668,0.1990185387131952,0.1273854961832061,0.3927208287895311,0.0012949836423118866,1.0
15,La Estrella,1.0,0.16362407031778228,0.1852603110209601,0.4090601757944557,0.2420554428668019,0.5174551386623165,0.48254486133768354,0.016272824919441462,0.05290010741138561,0.1458109559613319,0.18995703544575726,0.1343716433941998,0.4595596133190118,0.0011278195488721805,1.0
16,Ibiza,1.0,0.22045454545454546,0.19393939393939394,0.3424242424242424,0.2431818181818182,0.5089285714285714,0.49107142857142855,0.020416356024545508,0.06205195847909618,0.15908699891036301,0.18718816310145095,0.10919309514251305,0.4605723461604634,0.0014910821815679303,1.0
17,Los Jerónimos,1.0,0.21497584541062803,0.19806763285024154,0.3695652173913043,0.21739130434782608,0.5100591715976331,0.48994082840236686,0.014644351464435146,0.04375871687587169,0.14086471408647142,0.1903765690376569,0.11070432357043236,0.497907949790795,0.0017433751743375174,1.0
18,Niño Jesús,1.0,0.19644444444444445,0.19822222222222222,0.3768888888888889,0.22844444444444445,0.5098039215686274,0.49019607843137253,0.009526239686994982,0.037764735902015824,0.11805732754954495,0.17674576847835333,0.11831249468401803,0.5378072637577613,0.001786169941311559,1.0
19,Recoletos,1.0,0.22559652928416485,0.19197396963123645,0.34598698481561824,0.23644251626898047,0.5080042689434365,0.4919957310565635,0.009013320571109516,0.031107920555156737,0.11294568078487677,0.16479221504347133,0.09428092845178272,0.5867432400095717,0.0011166945840312675,1.0
20,Goya,1.0,0.22689611217335884,0.20905035054174634,0.337157425111536,0.22689611217335884,0.5125815470643057,0.4874184529356943,0.01639683656991429,0.04906629125087988,0.1434309138337957,0.17941286075110763,0.10455053620968076,0.5054863152664486,0.0016562461181731606,1.0
21,Fuente del Berro,1.0,0.20536462699077954,0.18692372170997484,0.3671416596814753,0.24056999161777032,0.49017094017094015,0.5098290598290598,0.020520549533360386,0.07141614978841807,0.178308503854849,0.19546692945336502,0.11842791722219002,0.4147005970668367,0.0011593530809808127,1.0
22,Guindalera,1.0,0.18355806872553285,0.18834275772074816,0.3875598086124402,0.2405393649412788,0.5199415326790562,0.4800584673209438,0.01824621978807001,0.056018573639719016,0.150494106441243,0.19564829146326942,0.1175735206572211,0.461037028217645,0.00098225979283248,1.0
23,Lista,1.0,0.2151793160967473,0.1884904086738949,0.347789824854045,0.24854045037531275,0.4938792739552554,0.5061207260447447,0.014640769821122853,0.04941259814628963,0.13536808548320445,0.17870004132475353,0.10366609599149891,0.5163232776433083,0.0018891315898223035,1.0
24,Castellana,1.0,0.21700879765395895,0.18866080156402737,0.35386119257087,0.2404692082111437,0.48721804511278194,0.512781954887218,0.01220956045582359,0.03803463075329288,0.1215036258694687,0.1762616545804351,0.09042474470919047,0.5594198608850082,0.002145922746781116,1.0
25,El Viso,1.0,0.19983619983619982,0.21375921375921375,0.3538083538083538,0.2325962325962326,0.5026476578411405,0.4973523421588595,0.013433962264150943,0.03366037735849057,0.12211320754716981,0.16664150943396228,0.0919245283018868,0.567622641509434,0.004603773584905661,1.0
26,Prosperidad,1.0,0.2242305813385442,0.18124084025403028,0.3717635564240352,0.22276502198339032,0.5032759039068188,0.49672409609318124,0.017017450379645666,0.0588117756760357,0.1650792593579326,0.20351005727987212,0.12291860929798855,0.4299653656587185,0.002697482349806847,1.0000000000000002
27,Ciudad Jardín,1.0,0.22439893143365983,0.20569902048085487,0.3579697239536955,0.21193232413178986,0.5100349040139616,0.4899650959860384,0.018789005444164123,0.06101447350949409,0.17368211392909308,0.19506041694330103,0.11280042491037047,0.43546673748506176,0.0031868277785154693,1.0
28,Hispanoamérica,1.0,0.17959527824620575,0.2069983136593592,0.37647554806070826,0.23693086003372682,0.5011566771819138,0.49884332281808624,0.01250355214549588,0.04124548370072667,0.12442658222709374,0.17695773961758615,0.11155766654487882,0.5303454715219421,0.0029635042422766207,1.0
29,Nueva España,1.0,0.18286814244465832,0.20211742059672763,0.3864292589027912,0.2285851780558229,0.5107134447845538,0.4892865552154462,0.009611729568286723,0.029649742058104805,0.10627206081998371,0.16149877816997013,0.10198207982622862,0.5891392886234048,0.0018463209340211784,1.0
30,Castilla,1.0,0.18654708520179372,0.19103139013452916,0.3820627802690583,0.24035874439461882,0.5113935144609991,0.4886064855390009,0.01699158006523553,0.04907835849199727,0.12561632405370554,0.1758325115679284,0.11575513919441706,0.5146779943867101,0.0020480922400060685,0.9999999999999999
31,Bellas Vistas,1.0,0.2205005959475566,0.1936829558998808,0.3712753277711561,0.21454112038140644,0.518369690011481,0.48163030998851897,0.03556169349618057,0.11182081049587847,0.2951965819343144,0.18725993699020327,0.09080315912131544,0.2778041517414009,0.0015536662207069182,1.0
32,Cuatro Caminos,1.0,0.21892497200447927,0.19092945128779396,0.341545352743561,0.24860022396416573,0.5196342119419043,0.48036578805809577,0.02307257437636916,0.06685039926506961,0.19549855133912797,0.17313264080277013,0.1022189244576355,0.43636492120698184,0.0028619885520457917,1.0
33,Castillejos,1.0,0.24407826982492276,0.19258496395468588,0.364572605561277,0.19876416065911431,0.5159521435692921,0.48404785643070786,0.020681194134486183,0.06654203423497108,0.1857802184962318,0.17999649471285856,0.10556756440965122,0.4399719577028685,0.00146053630893264,1.0
34,Almenara,1.0,0.2161361954108068,0.17912657290895634,0.3360473723168024,0.2686898593634345,0.5072939460247994,0.49270605397520056,0.06654034774855105,0.15241863575568435,0.29358002674988853,0.16952741863575568,0.08169861792242532,0.23562193490860456,0.0006130182790905038,1.0
35,Valdeacederas,1.0,0.22582582582582583,0.2048048048048048,0.3483483483483483,0.22102102102102103,0.5120164126611958,0.4879835873388042,0.0532419867873746,0.1309028627355028,0.3225838022999755,0.18698311720088084,0.08412038169806704,0.2209933936873012,0.0011744555908979693,1.0
36,Berruguete,1.0,0.2049492385786802,0.20748730964467005,0.35596446700507617,0.2315989847715736,0.4993646759847522,0.5006353240152478,0.03919173410698835,0.12363210668295414,0.3150099251794167,0.19351554944775284,0.08764696900290121,0.2395785616124599,0.001425153967526849,1.0000000000000002
37,Gaztambide,1.0,0.21028466483011937,0.19834710743801653,0.34710743801652894,0.24426078971533516,0.5002294630564479,0.4997705369435521,0.018373398284443503,0.05856189770200148,0.15440008471883934,0.16938472942920682,0.10372762893148364,0.49412263051996186,0.0014296304140633273,1.0
38,Arapiles,1.0,0.22655007949125597,0.1987281399046105,0.34737678855325915,0.2273449920508744,0.5187452180566182,0.4812547819433818,0.020054010802160432,0.06481296259251851,0.16408281656331267,0.1741348269653931,0.10117023404680936,0.4743948789757952,0.0013502700540108021,1.0000000000000002
39,Trafalgar,1.0,0.1996779388083736,0.19243156199677938,0.3864734299516908,0.2214170692431562,0.515600624024961,0.484399375975039,0.01788856304985337,0.06050830889540567,0.15234604105571847,0.1699902248289345,0.10273704789833822,0.4950146627565982,0.0015151515151515152,1.0
40,Almagro,1.0,0.2102076124567474,0.185121107266436,0.35899653979238755,0.24567474048442905,0.5015092712376024,0.4984907287623976,0.013010800227373208,0.043895660961283396,0.14709783363860293,0.16156129602728478,0.10591801932672266,0.5260531800669488,0.002463209751784248,1.0
41,Ríos Rosas,1.0,0.22945638432364096,0.17699115044247787,0.37737041719342607,0.21618204804045513,0.49825562955915004,0.50174437044085,0.01732706514439221,0.05354824266845758,0.15374972017013655,0.16480859637340498,0.10132079695545108,0.5081710320125363,0.0010745466756212224,1.0
42,Vallehermoso,1.0,0.18608695652173912,0.16260869565217392,0.4043478260869565,0.24695652173913044,0.506225848003435,0.49377415199656505,0.010562515352493244,0.04102186195038074,0.12527634487840825,0.17114959469417834,0.1126258904446082,0.537828543355441,0.0015352493244902973,1.0
43,El Pardo,1.0,0.21875,0.21875,0.34375,0.21875,0.5282555282555282,0.47174447174447176,0.0537862703467799,0.14472753007784855,0.3011323425336164,0.2438075017692852,0.0835102618542109,0.173036093418259,0.0,0.9999999999999999
44,Fuentelarreina,1.0,0.12177121771217712,0.1881918819188192,0.4059040590405904,0.28413284132841327,0.5117117117117117,0.4882882882882883,0.013063632532659082,0.03581963758954909,0.11420143278550358,0.16982722292456806,0.0965023177412558,0.5693215339233039,0.0012642225031605564,1.0
45,Peñagrande,1.0,0.175185054635178,0.19633415579837857,0.3870285512865703,0.2414522382798731,0.5170241743275451,0.4829758256724549,0.04329461457233368,0.10445503581723223,0.2377921744342019,0.19749422072547732,0.11181825965352893,0.304660521133594,0.000485173663631953,1.0
46,Del Pilar,1.0,0.21219612690564482,0.1858261227853317,0.36629583848372477,0.2356819118252987,0.5203557312252964,0.47964426877470356,0.05322807566046584,0.13915376999635246,0.28320566932416236,0.19186076806836538,0.09725913188473764,0.2342504298890105,0.0010421551769058412,1.0
47,La Paz,1.0,0.20740337506804574,0.21339139902014154,0.3592814371257485,0.21992378878606422,0.5119553666312433,0.48804463336875664,0.017437452615617893,0.0680168959168201,0.17040326365572764,0.19935737752265426,0.1339759558106791,0.410123109137514,0.0006859453409870393,1.0
48,Valverde,1.0,0.1711078046801028,0.20911673204382525,0.4190450426078723,0.20073042066819966,0.5143532812192078,0.48564671878079224,0.037766338096447284,0.08204252175719662,0.21404002862485283,0.17638911332209886,0.12068607308571297,0.36838338835153167,0.0006925367621597913,1.0
49,Mirasierra,1.0,0.1867726369571388,0.20011353959693443,0.3797899517456713,0.23332387170025545,0.5076858580212409,0.49231414197875906,0.018021297897515245,0.03827250386820788,0.11427141166833531,0.17320469645945208,0.1182761445344498,0.536952762355511,0.0010011832165286248,1.0
50,El Goloso,1.0,0.16939525559639157,0.22519211493484798,0.4266622118275977,0.1787504176411627,0.5142810775722169,0.4857189224277832,0.023084435763118173,0.04368285536713132,0.10636597709313682,0.1463198082216106,0.14170292106898694,0.5386664299032229,0.00017757258279321673,0.9999999999999999
51,Casa de Campo,1.0,0.20606060606060606,0.19090909090909092,0.33636363636363636,0.26666666666666666,0.49848024316109424,0.5015197568389058,0.02774903583858527,0.08682155958987865,0.1871884112501176,0.1953720252092936,0.11569936976766061,0.3858526949487348,0.0013169033957294704,1.0
52,Argüelles,1.0,0.2099827882960413,0.193631669535284,0.3502581755593804,0.24612736660929432,0.5150250417362271,0.48497495826377296,0.016169910786699108,0.05236212489862125,0.14816504460665045,0.1704176804541768,0.1111111111111111,0.4991889699918897,0.0025851581508515814,1.0
53,Ciudad Universitaria,1.0,0.16,0.1795121951219512,0.4,0.2604878048780488,0.5033914728682171,0.49660852713178294,0.014937231844907039,0.047751469887176226,0.126569203877324,0.1604957889718735,0.11345939933259176,0.5342443985380582,0.0025425075480692834,1.0
54,Valdezarza,1.0,0.19241652518392757,0.1941143180531975,0.3735144312393888,0.23995472552348612,0.5252552391187534,0.4747447608812466,0.041686182669789226,0.12795401319991484,0.26459442197147115,0.20434319778582075,0.09623163721524378,0.26331701085799447,0.001873536299765808,1.0
55,Valdemarín,1.0,0.14002205071664828,0.16538037486218302,0.4046306504961411,0.28996692392502754,0.5113146551724138,0.4886853448275862,0.012200956937799042,0.04473684210526316,0.09090909090909091,0.11818181818181818,0.10406698564593302,0.6294258373205741,0.0004784688995215311,0.9999999999999999
56,El Plantío,1.0,0.17562724014336917,0.14695340501792115,0.3906810035842294,0.2867383512544803,0.4982014388489209,0.5017985611510791,0.015182186234817813,0.04251012145748988,0.11892712550607287,0.1675101214574899,0.10779352226720648,0.5475708502024291,0.0005060728744939271,1.0
57,Aravaca,1.0,0.14187380497131932,0.17705544933078393,0.3961759082217973,0.28489483747609945,0.5182387619749448,0.48176123802505527,0.020399088433105443,0.05147017953421155,0.12817519871046634,0.1621366238674893,0.1148351953754655,0.5207047968428659,0.002278917236395976,1.0
58,Los Cármenes,1.0,0.1688,0.1592,0.3904,0.2816,0.5015948963317385,0.4984051036682616,0.07550785741663472,0.15860482943656573,0.3246454580298965,0.20015331544653123,0.07842085090072824,0.16075124568800306,0.0019164430816404753,1.0
59,Puerta del Ángel,1.0,0.1946564885496183,0.17769296013570823,0.3757421543681086,0.25190839694656486,0.5171990171990172,0.4828009828009828,0.05662925394634176,0.1487605785967229,0.31135586099273754,0.20364924074185223,0.08198787587779845,0.19614668987455736,0.0014704999699897965,0.9999999999999999
60,Lucero,1.0,0.18169460806524695,0.17127322156773903,0.3797009515178976,0.2673312188491164,0.5136624063464081,0.4863375936535919,0.06688498914320293,0.15712099099419785,0.31911864165450465,0.2038942085216958,0.08229808137258392,0.16972199480297584,0.000961093510838999,0.9999999999999999
61,Aluche,1.0,0.17264453961456103,0.17585653104925053,0.39748394004282656,0.25401498929336186,0.5059508066649034,0.49404919333509656,0.05669748321211332,0.17301289086478544,0.32558269313045257,0.20539816588850238,0.08785505682769397,0.1494075410628918,0.00204616901356052,0.9999999999999999
62,Campamento,1.0,0.17934347477982385,0.18734987990392313,0.37149719775820655,0.2618094475580464,0.5059335443037974,0.49406645569620256,0.05176825667607112,0.1513680204710977,0.3188111016337511,0.2118627386654419,0.08818319007939111,0.1766944426218752,0.0013122498523718915,1.0
63,Cuatro Vientos,1.0,0.1724137931034483,0.2115987460815047,0.41849529780564265,0.1974921630094044,0.5277572168763879,0.4722427831236121,0.024849397590361446,0.06877510040160642,0.2600401606425703,0.2371987951807229,0.15411646586345382,0.25502008032128515,0.0,1.0
64,Las Águilas,1.0,0.16825814948962792,0.17747777411919657,0.3822851498189002,0.2719789265722753,0.5143907898944675,0.4856092101055325,0.07199301885877733,0.1813642313472633,0.3365249430358268,0.19796868182479274,0.07737431521791827,0.13339312551510157,0.001381684200319969,0.9999999999999999
65,Comillas,1.0,0.20669456066945607,0.18744769874476988,0.3799163179916318,0.22594142259414227,0.5204654895666132,0.47953451043338685,0.050002744387727095,0.14847137603600638,0.3241670783248257,0.20923212031395796,0.08628355013996378,0.180525824688512,0.0013173061090070806,1.0
66,Opañel,1.0,0.19341772151898734,0.17670886075949366,0.3721518987341772,0.25772151898734175,0.5099255583126551,0.49007444168734493,0.05277521525215252,0.15325184501845018,0.3552813653136531,0.19672509225092252,0.0820648831488315,0.1590559655596556,0.0008456334563345634,1.0
67,San Isidro,1.0,0.18463987266215678,0.18145642658177477,0.37922801432550735,0.2546756864305611,0.5151456685317384,0.4848543314682616,0.07665551396296419,0.1726902308940935,0.35386093351442677,0.18064067313744328,0.07128896544870308,0.14284294563885117,0.002020737403518071,1.0
68,Vista Alegre,1.0,0.18064051817200433,0.1835192515293271,0.3648794530406621,0.2709607772580065,0.5211097708082026,0.47889022919179736,0.06066568744284012,0.17174292603164926,0.3748025385915805,0.19488401740431782,0.07280436770778483,0.12299420779868636,0.0021062550231410915,1.0
69,Puerta Bonita,1.0,0.1750291715285881,0.17269544924154026,0.3881758070789576,0.26409957215091406,0.5041465766634523,0.49585342333654775,0.08335560731604873,0.17614265531329948,0.3840543739738058,0.1822520905723777,0.06120890450189011,0.11214632097445493,0.0008400473481232579,1.0
70,Buenavista,1.0,0.14619634509137272,0.17403314917127072,0.43922651933701656,0.24054398640034,0.5116737573933797,0.48832624260662033,0.050275152530206965,0.12411771743031463,0.33637396817801174,0.223142720421103,0.10243450173465725,0.16290824261275272,0.0007476970929537026,1.0
71,Abrantes,1.0,0.15802075019952114,0.17118914604948124,0.40502793296089384,0.2657621707901037,0.5016901968582224,0.4983098031417777,0.06345656273297373,0.1675218173047406,0.37815199754418277,0.18953646450028505,0.07424461693636802,0.12393106170240757,0.003157479279042231,1.0
72,Orcasitas,1.0,0.14425553838227717,0.1602266872746007,0.4250386398763524,0.2704791344667697,0.5123115577889448,0.4876884422110553,0.11841403425591181,0.18686659159604102,0.371303265572216,0.1732946126948379,0.06021454394594915,0.08889942511705091,0.0010075268179932436,1.0000000000000002
73,Orcasur,1.0,0.17266851338873498,0.18744228993536471,0.36934441366574333,0.270544783010157,0.5289256198347108,0.47107438016528924,0.134888844382135,0.19086721409973964,0.3842379331063489,0.13108351692369316,0.05607850991387943,0.10234328059282996,0.0005007009813739235,0.9999999999999999
74,San Fermín,1.0,0.12546296296296297,0.16805555555555557,0.42453703703703705,0.28194444444444444,0.5040183696900115,0.49598163030998854,0.08166419019316494,0.1759881129271917,0.38942050520059435,0.17818722139673104,0.06674591381872214,0.10775631500742942,0.000237741456166419,0.9999999999999999
75,Almendrales,1.0,0.17565872020075282,0.17754077791718947,0.4071518193224592,0.2396486825595985,0.5135794934391211,0.4864205065608789,0.06659177432440866,0.18797977906759034,0.3963053111152718,0.1674467952318542,0.06627972289833364,0.11489733508082133,0.0004992822817200275,1.0
76,Moscardó,1.0,0.2106523040095751,0.18850987432675045,0.3566726511071215,0.24416517055655296,0.5156521739130435,0.48434782608695653,0.04989980939348028,0.17711744294022774,0.39196520209178437,0.18244465079908118,0.07096427349591906,0.1268266458139876,0.0007819754655197693,1.0
77,Zofío,1.0,0.17382198952879582,0.181151832460733,0.3581151832460733,0.2869109947643979,0.5031217481789803,0.49687825182101975,0.07707584641573671,0.1926423302439947,0.4161149990542841,0.17022886324947986,0.04908265557026669,0.09438244751276717,0.0004728579534707774,0.9999999999999999
78,Pradolongo,1.0,0.1778688524590164,0.19508196721311474,0.3762295081967213,0.25081967213114753,0.5154884829229547,0.48451151707704526,0.0780018192844148,0.22468162522741056,0.4326864766525167,0.14948453608247422,0.0429805942995755,0.07140691328077622,0.0007580351728320194,1.0
79,Entrevías,1.0,0.18827415359207267,0.17836498761354252,0.36870355078447564,0.26465730800990916,0.5225704711216242,0.4774295288783757,0.15895203177512984,0.21497861289337,0.40723342499236176,0.13137794072716164,0.03204246868316529,0.054651695692025666,0.0007638252367858234,1.0
80,San Diego,1.0,0.20843091334894615,0.1993977919036467,0.35664101706256274,0.23553027768484444,0.5179809708111595,0.4820190291888405,0.07894820818840348,0.1768516450202636,0.4088776845262788,0.1799789386348406,0.05262150173915818,0.10208379870440693,0.000638223186648371,1.0
81,Palomeras Bajas,1.0,0.15329022441993154,0.1700266260935717,0.3792316470140738,0.29745150247242297,0.5040558385210337,0.49594416147896625,0.07537021050534565,0.1599375788564978,0.363968390995418,0.20462846138521815,0.0686300551165416,0.1260043827611395,0.0014609203798392988,1.0
82,Palomeras Sureste,1.0,0.18010936431989064,0.17908407382091593,0.37662337662337664,0.2641831852358168,0.5100468854655057,0.4899531145344943,0.11966650318783717,0.1763425698871996,0.3773602256007847,0.1719592937714566,0.05416257969592938,0.09949730259931339,0.0010115252574791564,1.0
83,Portazgo,1.0,0.18673087212413056,0.1963616907437132,0.37613697164258963,0.24077046548956663,0.5206463195691203,0.4793536804308797,0.12132653989627877,0.21604039668819944,0.3785824765717405,0.15621872441088164,0.04717496133199891,0.07838231280138296,0.0022745882995177874,1.0000000000000002
84,Numancia,1.0,0.20119126406353408,0.20218398411647914,0.36035737921906025,0.23626737260092653,0.5180223285486444,0.48197767145135567,0.08234781186985667,0.18428797209657202,0.37094664559376533,0.18635892964194234,0.059322033898305086,0.1155921303613276,0.0011444765382309663,0.9999999999999999
85,Pavones,1.0,0.13379073756432247,0.1835334476843911,0.34305317324185247,0.33962264150943394,0.48131672597864766,0.5186832740213523,0.0946215139442231,0.13787706317586795,0.2793113261240751,0.21883892999430848,0.09391007398975526,0.17416050085372795,0.0012805919180421173,0.9999999999999999
86,Horcajo,1.0,0.10681399631675875,0.09576427255985268,0.40515653775322286,0.39226519337016574,0.5265911072362686,0.4734088927637315,0.037989617744218974,0.0804624823029731,0.22109485606418122,0.22062293534686173,0.13119395941481832,0.30863614912694665,0.0,1.0
87,Marroquina,1.0,0.1496649292628444,0.18689501116902457,0.35517498138495907,0.308265078183172,0.5218939124243503,0.4781060875756497,0.04179916125167058,0.11760910641043366,0.2530070510161759,0.2257246877736301,0.11051200516152818,0.2503341167795751,0.001013871606986497,1.0
88,Media Legua,1.0,0.21793635486981677,0.18322082931533268,0.3317261330761813,0.26711668273866923,0.4904176904176904,0.5095823095823095,0.06428571428571428,0.14012605042016807,0.2703081232492997,0.20469187675070027,0.09726890756302521,0.2211484593837535,0.0021708683473389357,1.0
89,Fontarrón,1.0,0.1638888888888889,0.1824074074074074,0.3787037037037037,0.275,0.5066240292370946,0.49337597076290546,0.07250955039670878,0.16661769027328827,0.3334557743167793,0.2050396708786365,0.0783132530120482,0.14244784014105202,0.0016162209814869232,1.0
90,Vinateros,1.0,0.18022657054582905,0.203913491246138,0.38722966014418125,0.2286302780638517,0.4971517348524081,0.502848265147592,0.06209507170415666,0.1595690470990755,0.29780883744631287,0.21321977142025186,0.09084953046516707,0.17543859649122806,0.001019145373807964,1.0
91,Ventas,1.0,0.18793166121410396,0.17193747728098874,0.3667757179207561,0.2733551435841512,0.502171552660152,0.497828447339848,0.05210005696825314,0.1502667150033663,0.3278781915169092,0.20744212543373555,0.08485680252731886,0.17546221969029985,0.001993888860117044,1.0
92,Pueblo Nuevo,1.0,0.17136717700778942,0.18237980123556272,0.37845823260811173,0.2677947891485361,0.5196748806605599,0.48032511933944005,0.05693942917763225,0.15019279025644164,0.33720953954750393,0.20480649570557152,0.08594977252789848,0.16398392394475386,0.0009180488401982985,1.0
93,Quintana,1.0,0.18063583815028902,0.20158959537572255,0.36054913294797686,0.25722543352601157,0.5095676824946846,0.49043231750531535,0.041345232692986435,0.12317854081581203,0.301618514596884,0.21060858165683458,0.09978318963343921,0.22149952100035294,0.0019664196036908183,1.0000000000000002
94,La Concepción,1.0,0.1745776347546259,0.18181818181818182,0.3845534995977474,0.2590506838294449,0.514642717688403,0.485357282311597,0.02908678253598519,0.09944454398853252,0.2515080929343606,0.21812100579346594,0.11258436361464493,0.28620916203786656,0.003046049095144239,1.0
95,San Pascual,1.0,0.15018315018315018,0.18772893772893773,0.3946886446886447,0.2673992673992674,0.5216819973718791,0.4783180026281209,0.04499757332039104,0.10614989946613049,0.2175691603688553,0.20280108160576857,0.11051792276225474,0.316369687304999,0.0015946751716009152,1.0
96,San Juan Bautista,1.0,0.158004158004158,0.18191268191268192,0.3918918918918919,0.2681912681912682,0.5053984575835475,0.49460154241645243,0.016743586991520877,0.053021358806482774,0.1327680583878931,0.1826768273049265,0.11870773854244929,0.494150477621552,0.0019319523451754857,1.0
97,Colina,1.0,0.189453125,0.189453125,0.373046875,0.248046875,0.48490945674044267,0.5150905432595574,0.020412329046744233,0.04756072667891406,0.14145744029393753,0.1759542763829353,0.13819146764645845,0.4745866503368034,0.001837109614206981,1.0
98,Atalaya,1.0,0.22962962962962963,0.15555555555555556,0.32592592592592595,0.28888888888888886,0.4847328244274809,0.5152671755725191,0.007023705004389816,0.02897278314310799,0.1360842844600527,0.18700614574187885,0.1237928007023705,0.5127304653204565,0.004389815627743635,1.0
99,Costillares,1.0,0.14063435068821065,0.16576900059844404,0.3859964093357271,0.3076002393776182,0.515230635335074,0.48476936466492604,0.018164910105393676,0.036825790452572844,0.11450712957222567,0.1823310601363918,0.1249845009299442,0.5208307501549907,0.002355858648481091,1.0
100,Palomas,1.0,0.1430745814307458,0.1491628614916286,0.3942161339421613,0.3135464231354642,0.5356890459363958,0.46431095406360423,0.007407407407407408,0.028104575163398694,0.10065359477124183,0.19455337690631808,0.12570806100217866,0.5422657952069717,0.00130718954248366,1.0
101,Piovera,1.0,0.14124718256949662,0.18106686701728025,0.371900826446281,0.30578512396694213,0.5147648559970834,0.4852351440029165,0.012882603641999226,0.0318674932196823,0.10887253002712127,0.1765788454087563,0.11371561410306083,0.5551142967841922,0.0009686168151879117,1.0
102,Canillas,1.0,0.17126148705096073,0.1871345029239766,0.38011695906432746,0.26148705096073516,0.517921868707209,0.482078131292791,0.047556142668428,0.13554115080949894,0.25142084728579767,0.2142176891646954,0.09772357224048417,0.2524346410248533,0.0011059568062425117,0.9999999999999999
103,Pinar del Rey,1.0,0.17933417085427136,0.18687185929648242,0.3771984924623116,0.25659547738693467,0.5169170080412684,0.4830829919587316,0.05856616335750803,0.14611817857567472,0.30469623112590655,0.20582570443466888,0.08771846391630009,0.1963619070265129,0.0007133515634288432,1.0
104,Apóstol Santiago,1.0,0.14759036144578314,0.1536144578313253,0.3825301204819277,0.31626506024096385,0.4910577414409811,0.5089422585590189,0.05437153884880013,0.10312132908206074,0.26707501258600436,0.23611344185265984,0.09867427420708172,0.23913408289981541,0.0015103205235777815,1.0
105,Valdefuentes,1.0,0.2026034282768398,0.2156205696610388,0.39579842763242684,0.18597757442969454,0.5091725708502024,0.49082742914979755,0.014824047309660823,0.032167387095918744,0.12050173698586544,0.17754382242965872,0.15834416187117134,0.49627409902145375,0.0003447452862711819,1.0000000000000002
106,"Villaverde Alto, C.H. Villaverde",1.0,0.19151312116136238,0.16917922948073702,0.38637632607481853,0.2529313232830821,0.5081697102842235,0.49183028971577647,0.11125026090586516,0.18317082625160272,0.39598055878581867,0.17446402480842055,0.04988520141932791,0.08387750842353221,0.0013716194054328055,1.0
107,San Cristóbal,1.0,0.2053388090349076,0.17796030116358658,0.3874058863791923,0.2292950034223135,0.5254952906787919,0.4745047093212082,0.11529834006280844,0.2034993270524899,0.46128308658591294,0.13970390309555855,0.02835352175863616,0.050964558097801704,0.0008972633467922835,1.0
108,Butarque,1.0,0.14178112538768275,0.1745680106335844,0.4457244129375277,0.23792645104120513,0.5187633262260128,0.4812366737739872,0.05566475351835836,0.10661215504363551,0.37502948344995674,0.22997090966270933,0.09607673559242079,0.13617422753361114,0.0004717351993081217,0.9999999999999999
109,Los Rosales,1.0,0.16219081272084807,0.1625441696113074,0.39540636042402827,0.27985865724381626,0.5154939222735833,0.4845060777264167,0.08439427273055145,0.16579507339416452,0.38518411656508095,0.1959101237061348,0.06358423197605223,0.10408626970101345,0.0010459119270025607,0.9999999999999999
110,Los Ángeles,1.0,0.18803418803418803,0.19337606837606838,0.37713675213675213,0.24145299145299146,0.508274231678487,0.491725768321513,0.07947608845049925,0.19424344099931276,0.3619274770586571,0.193232809152282,0.06484213930549379,0.1048227351740308,0.0014553098597242997,1.0
111,Casco Histórico de Vallecas,1.0,0.17375781017554298,0.1746504016661708,0.4004760487950015,0.25111573936328474,0.5177213373511265,0.4822786626488736,0.11783960720130933,0.1859315330060011,0.4004364429896345,0.1665302782324059,0.05206628477905074,0.07675259138025095,0.0004432624113475177,1.0
112,Santa Eugenia,1.0,0.17333333333333334,0.1837037037037037,0.37777777777777777,0.2651851851851852,0.5258166491043204,0.47418335089567965,0.06008449381943358,0.11662233348980337,0.32451885463933655,0.24101601210034945,0.09513378188076983,0.16199864392635477,0.0006258801439524331,1.0
113,Ensanche de Vallecas,1.0,0.24435131195335277,0.25018221574344024,0.3744533527696793,0.1310131195335277,0.522741107922428,0.47725889207757194,0.02254575183950695,0.0545248726495189,0.2681592352682221,0.23278410162882837,0.14955034274573925,0.2724356958681844,0.0,1.0
114,Casco Histórico de Vicálvaro,1.0,0.16575235109717867,0.1786833855799373,0.3996865203761755,0.25587774294670845,0.5128841381943119,0.4871158618056881,0.1131612708474832,0.2000981058033356,0.39513998943475964,0.15632782431514602,0.04886423666138404,0.0862576409327598,0.00015093200513168818,1.0
115,Valdebernardo,1.0,0.11430855315747403,0.12390087929656275,0.34932054356514786,0.41247002398081534,0.508833922261484,0.4911660777385159,0.04642683519688867,0.09277264624858207,0.2723221520012964,0.2493112947658402,0.11173229622427483,0.22735375141792255,8.102414519526819e-05,1.0
116,Valderrivas,1.0,0.08506616257088846,0.14593572778827976,0.49792060491493384,0.2710775047258979,0.5020707831325302,0.4979292168674699,0.014756644804970659,0.04763548498446669,0.23481187435277873,0.2605281325509147,0.16724197445633415,0.275025888850535,0.0,1.0
117,El Cañaveral,1.0,0.25555555555555554,0.17222222222222222,0.3888888888888889,0.18333333333333332,0.5238095238095238,0.47619047619047616,0.008256880733944955,0.05871559633027523,0.3376146788990826,0.26697247706422017,0.11834862385321102,0.21009174311926607,0.0,0.9999999999999999
118,Simancas,1.0,0.14775358962482632,0.16442797591477537,0.4238073182028717,0.26401111625752666,0.5049300619124054,0.4950699380875946,0.0600151100198319,0.13617905373500802,0.32845405609594863,0.1896779677023326,0.08829917839267164,0.19666635187458684,0.0007082821796203608,1.0
119,Hellín,1.0,0.1863799283154122,0.16845878136200718,0.3870967741935484,0.25806451612903225,0.5057573073516386,0.4942426926483614,0.10357685402568706,0.20494406849882613,0.3917967131611656,0.1708327579063665,0.045988123187405056,0.0807899461400359,0.002071537080513741,1.0
120,Amposta,1.0,0.1926163723916533,0.16853932584269662,0.39325842696629215,0.24558587479935795,0.5211375864719446,0.47886241352805536,0.10041711725629537,0.20933106751120037,0.4197435501313147,0.1541788969565889,0.04325660435655801,0.0716823729337247,0.001390390854317936,1.0
121,Arcos,1.0,0.15629984051036683,0.14566719829877725,0.3721424774056353,0.3258904837852206,0.5017218543046358,0.4982781456953642,0.096699158174568,0.16808817013735047,0.35290208241027915,0.1858108108108108,0.0687306158617634,0.12655073105892778,0.0012184315463003987,1.0
122,Rosas,1.0,0.10856935366739288,0.1270878721859114,0.3732752360203341,0.39106753812636164,0.5076868072935288,0.4923131927064712,0.026369077082302118,0.0920667776627818,0.24933627323043694,0.25370112046078386,0.12572559960401386,0.2523961661341853,0.0004049858254961076,0.9999999999999999
123,Rejas,1.0,0.17672413793103448,0.19519704433497537,0.4236453201970443,0.2044334975369458,0.5206611570247934,0.4793388429752066,0.028111129376952163,0.06625020549071182,0.2254644090087128,0.21001150747986191,0.13751438434982738,0.3317442051619267,0.0009041591320072332,1.0
124,Canillejas,1.0,0.17333333333333334,0.17555555555555555,0.37555555555555553,0.27555555555555555,0.5111352525801195,0.4888647474198805,0.06812134113890367,0.16861805925137485,0.34792442788717404,0.19026077700904737,0.07490686535391165,0.14897108390988115,0.001197445449707291,1.0
125,El Salvador,1.0,0.14198473282442747,0.1984732824427481,0.3282442748091603,0.33129770992366414,0.5108289768483943,0.48917102315160566,0.023905298241581427,0.07229054131708999,0.18871394092633031,0.2280197678427767,0.11814733938627744,0.36731410182737617,0.0016090104585679806,1.0
126,Alameda de Osuna,1.0,0.14926372155287818,0.18741633199464525,0.3962516733601071,0.26706827309236947,0.5411547911547911,0.45884520884520885,0.013748730104977989,0.05099898408398239,0.16363020656959024,0.24591940399593634,0.1543515069420928,0.37033525228581105,0.001015916017609211,0.9999999999999999
127,Aeropuerto,1.0,0.20300751879699247,0.24812030075187969,0.3533834586466165,0.19548872180451127,0.5445205479452054,0.4554794520547945,0.091493924231594,0.16726233023588277,0.38598999285203717,0.21515368120085776,0.04932094353109364,0.08934953538241601,0.0014295925661186562,0.9999999999999999
128,Casco Histórico de Barajas,1.0,0.2234513274336283,0.21238938053097345,0.33185840707964603,0.2323008849557522,0.5032967032967033,0.4967032967032967,0.07279000985869208,0.1298061123890897,0.33848176141965164,0.23496549457771937,0.0826487019388761,0.14081498521196187,0.0004929346040092015,1.0
129,Timón,1.0,0.2212798766383963,0.20123361603700848,0.3708558211256746,0.20663068619892058,0.5009619084263178,0.4990380915736822,0.03706253585771658,0.07194492254733219,0.23947217441193344,0.22719449225473323,0.13034997131382672,0.2937464142283419,0.00022948938611589215,1.0
130,Corralejos,1.0,0.11956521739130435,0.14891304347826087,0.41956521739130437,0.3119565217391304,0.5205836373110996,0.4794163626889005,0.024077046548956663,0.043940609951845906,0.10132423756019261,0.17596308186195828,0.16312199036918137,0.49157303370786515,0.0,1.0
