,neighborhood,Sexo de la población,De 0 a 14 años,De 15 a 29,De 30 a 44,De 45 a 64,De 65 a 79,De 80 y + ,De 65 y +,Población en etapa educativa (De 3 a 16 años -16 no incluidos-),Proporción de juventud (Población de 0-15 años/Población total),Proporción de envejecimiento (Población > 65 años/Población total),Proporción de sobreenvejecimiento (Población > 80 años/Población >65 años),Proporción de dependencia (Población de 0-15 + población 65 y + / Pob. 16-64) ,Personas con nacionalidad española,Personas con nacionalidad española HOMBRES,Personas con nacionalidad española MUJERES,Personas con nacionalidad extranjera,Personas con nacionalidad extranjera HOMBRES,Personas con nacionalidad extranjera MUJERES,Proporción de inmigrantes (Extranjeros menos UE y resto países de OCDE / Población total),1ª nacionalidad extranjera en el Distrito: ITALIA (% respecto total extranjeros del distrito),2ª nacionalidad extranjera en el Distrito: BANGLADESH (% respecto total extranjeros del distrito),Nº total de hogares,Hogares con una mujer sola >65 años,Hogares con un hombre solo >65 años,Hogares monoparentales: una mujer adulta con uno o más menores,Hogares monoparentales: un hombre adulto con uno o más menores,1ª nacionalidad extranjera en el Distrito: Italia (% respecto total extranjeros del distrito),2ª nacionalidad extranjera en el Distrito: China (% respecto total extranjeros del distrito),2ª nacionalidad extranjera en el Distrito: Venezuela (% respecto total extranjeros del distrito),1ª nacionalidad extranjera en el Distrito: Filipinas (% respecto total extranjeros del distrito),2ª nacionalidad extranjera en el Distrito: Paraguay (% respecto total extranjeros del distrito),1ª nacionalidad extranjera en el Distrito: Rumanía (% respecto total extranjeros del distrito),1ª nacionalidad extranjera en el Distrito: China (% respecto total extranjeros del distrito),2ª nacionalidad extranjera en el Distrito: Rumanía  (% respecto total extranjeros del distrito),2ª nacionalidad extranjera en el Distrito: Bolivia (% respecto total extranjeros del distrito),2ª nacionalidad extranjera en el Distrito: Perú (% respecto total extranjeros del distrito),2ª nacionalidad extranjera en el Distrito: Ecuador (% respecto total extranjeros del distrito),1ª nacionalidad extranjera en el Distrito: Francia (% respecto total extranjeros del distrito),1ª nacionalidad extranjera en el Distrito: Rumanía  (% respecto total extranjeros del distrito),2ª nacionalidad extranjera en el Distrito: Marruecos  (% respecto total extranjeros del distrito),2ª nacionalidad extranjera en el Distrito: Marruecos (% respecto total extranjeros del distrito)
0,Palacio,0.16994980760818795,0.07769489159359595,0.1464468001570475,0.28517209789294595,0.3021855778039524,0.12655411595340924,0.06194651659904899,0.18850063255245822,0.06565458273349911,0.0832536087053076,0.1885,0.3386,0.373,0.8242376652270645,0.48687413993860484,0.5131258600613952,0.17571871046547136,0.4997517378351539,0.5002482621648461,0.0795,0.12164846077457796,0.003227408142999007,0.16798918212077985,0.09084475895621406,0.03803626713843432,0.013710747456877488,0.0027421494913754977,,,,,,,,,,,,,,,
1,Embajadores,0.3355476308746228,0.08360768024039418,0.16520471066528206,0.34044057535517797,0.2700236417066219,0.09030248127444265,0.050420910758081264,0.14072339203252393,0.06842837888596744,0.088,0.147,0.3583,0.2968,0.7377096268145562,0.4894273391637714,0.5105726608362285,0.26224618307960845,0.5939000758277867,0.40609992417221336,0.1693,0.09116185019799478,0.23793074395484035,0.3282364479315264,0.07189098646385078,0.02924532572773779,0.015211191090588076,0.0026710127212639777,,,,,,,,,,,,,,,
2,Cortes,0.07772777485338929,0.06877146127432278,0.15537962609690958,0.3102823349866463,0.29597481877146126,0.11417397939717665,0.055417779473483406,0.16959175887066005,0.0531285768790538,0.07264267401006552,0.16873991073972083,0.3286,0.3197,0.769172071728348,0.5016121031746031,0.4983878968253968,0.23082792827165205,0.49173553719008267,0.5082644628099173,0.099,0.10867768595041322,0.02024793388429752,0.08033166904422254,0.07047724750277469,0.03718091009988901,0.012763596004439512,0.004069552349241583,,,,,,,,,,,,,,,
3,Justicia,0.1271713584567137,0.07998600827843526,0.16265376319011252,0.2986066577275112,0.29796537048912725,0.10493791173555646,0.05585028857925727,0.16078820031481372,0.06616918323325366,0.085,0.1608,0.3474,0.3254,0.7862181542587302,0.5009639626279104,0.49903603737208957,0.21378184574126974,0.5233160621761658,0.47668393782383417,0.0993,0.10989910008181074,0.0035451322607035723,0.1275261531145982,0.07305989279888138,0.02924726171055698,0.013633185737590306,0.003495688650664181,,,,,,,,,,,,,,,
4,Universidad,0.23520733090650278,0.07590228526398739,0.16532702915681638,0.32554767533490936,0.2703230890464933,0.10575256107171001,0.057147360126083534,0.16289992119779353,0.06171788810086683,0.0803467297084318,0.1629,0.3508,0.3214,0.7842395587076438,0.4885048231511254,0.5114951768488746,0.2157604412923562,0.4986121256391527,0.5013878743608473,0.116,0.10825420014609204,0.0029218407596785976,0.23482822158820732,0.07789660191102955,0.03125988736315889,0.01278238309181801,0.0025311649686768334,,,,,,,,,,,,,,,
5,Sol,0.05439609730058348,0.06651219844623144,0.17745672618236336,0.3010767343600927,0.2844486847485348,0.11666893825814366,0.05383671800463405,0.1705056562627777,0.05547226386806597,0.07026801833078739,0.1705,0.3157,0.3163,0.726318658852392,0.5196096828673297,0.4803903171326703,0.273681341147608,0.48804780876494025,0.5119521912350598,0.137,0.10707171314741036,0.00796812749003984,0.24056407513076558,0.016245598863425782,0.009203780344678485,0.0026561245290011738,0.0007412440546049787,,,,,,,,,,,,,,,
6,Imperial,0.1479945394266398,0.11055960643064218,0.13651937099182992,0.22814723710796803,0.30918914170253886,0.14078011069138188,0.07480453307563911,0.215584643767021,0.09580075551260651,0.1185,0.2156,0.347,0.5017,0.9294562066239128,0.46455576559546313,0.5354442344045368,0.07054379337608714,0.4439601494396015,0.5560398505603985,0.0384,,,0.14818860087685562,0.09633551333956192,0.028547700612477942,0.014740994498079519,0.002387625869407246,0.11892901618929017,0.10211706102117062,,,,,,,,,,,,,
7,Las Acacias,0.2391276083988819,0.09982329753975805,0.15182819083865706,0.22389560962348784,0.29762131303520456,0.15895065923610166,0.06788092972679081,0.2268315889628925,0.08636672556748674,0.1076,0.2268,0.2993,0.5025,0.9299170857686557,0.45879498348291287,0.5412050165170872,0.07005572923746092,0.4846720993403182,0.5153279006596818,0.0407,,,0.23755095761864473,0.09649009195700038,0.027716617018520916,0.01586582048957389,0.0029141302940033672,0.11214590609235545,0.08614668218859138,,,,,,,,,,,,,
8,La Chopera,0.12996814665539883,0.1019356774871205,0.1356474766168159,0.26204171460011005,0.2720952333316661,0.13864852698444455,0.08963137097984294,0.2282798979642875,0.08117841244435553,0.1077,0.2283,0.3926,0.506,0.86670334617116,0.45100415512465375,0.5489958448753463,0.1332966538288401,0.46866791744840525,0.5313320825515947,0.1003,,,0.13206676409506962,0.11869539895165987,0.028654630168899242,0.014443797320908561,0.0030285381479324405,0.04390243902439024,0.075046904315197,,,,,,,,,,,,,
9,Legazpi,0.12775141389845934,0.18573173213922248,0.14013840830449828,0.2774272338693263,0.3100956645634032,0.06518420516995725,0.02142275595359251,0.08660696112354976,0.15687970690006106,0.1965,0.0866,0.2474,0.3949,0.9292184001628333,0.4913750616067028,0.5086249383932971,0.0707815998371667,0.4716031631919482,0.5283968368080517,0.0412,,,0.11734481962925929,0.03277399056109072,0.012191924488725747,0.02556371263765076,0.006423702149973781,0.11071171818835371,0.15815959741193386,,,,,,,,,,,,,
10,Las Delicias,0.17979587856724957,0.13399378118446742,0.14693759490924868,0.2535252006652686,0.29611685588256564,0.11381878660785306,0.055607780750596573,0.16942656735844963,0.11533733458673802,0.1431,0.1694,0.3282,0.4545,0.8861089015836286,0.46658234046025787,0.5334176595397421,0.11389109841637139,0.4587301587301587,0.5412698412698412,0.0783,,,0.1772940543035151,0.08780911062906724,0.02715835140997831,0.019175704989154014,0.005206073752711497,0.07714285714285714,0.08984126984126985,,,,,,,,,,,,,
11,Palos de Moguer,0.16772411103165832,0.09232200302313864,0.15018797721018565,0.266268749273284,0.2846788884151777,0.12991744506026898,0.07662493701794504,0.20654238207821402,0.07794271539862796,0.0981,0.2065,0.371,0.438,0.8510910429828301,0.46145088574160936,0.5385491142583906,0.14887019882950273,0.48555063785472535,0.5144493621452747,0.1009,,,0.18103222829013152,0.10987423521414004,0.030761386811692725,0.014106050305914344,0.002294357579877634,0.07862535797969279,0.06664931007550118,,,,,,,,,,,,,
12,Atocha,0.00763830202171228,0.18893617021276596,0.16680851063829788,0.18808510638297873,0.36,0.06808510638297872,0.028085106382978724,0.09617021276595744,0.17191489361702128,0.206,0.0962,0.292,0.4329,0.9446808510638298,0.49099099099099097,0.509009009009009,0.05531914893617021,0.4307692307692308,0.5692307692307692,0.0298,,,0.18341125424640947,0.03773584905660377,0.01179245283018868,0.0330188679245283,0.0047169811320754715,0.0013017443374121322,0.002082790939859412,,,,,,,,,,,,,
13,Pacífico,0.28121361378466897,0.09919275565219982,0.14500610646093354,0.21503678770367282,0.29111435465133595,0.16124035625986716,0.0884096392719907,0.24964999553185785,0.08611599297012303,0.10634178308659259,0.2496,0.3541,,0.911888236871109,0.4488289288864208,0.5511710711135792,0.088111763128891,0.4232589587559162,0.5767410412440839,0.0539,,,0.3012964066320136,0.12205932492328674,0.03293556085918854,0.01438799863620866,0.0036140470508012274,0.08485463150777553,,0.09026369168356999,,,,,,,,,,,,
14,Adelfas,0.15475083557409594,0.1283966655840641,0.13624553426437155,0.23541193028039406,0.2871062033127639,0.14804590234924758,0.06479376420915882,0.21283966655840642,0.10972177113781531,0.13619140413554184,0.2128,0.3044,,0.9294684421348923,0.4629316871469338,0.5370683128530662,0.07053155786510772,0.4474290099769762,0.5525709900230238,0.0433,,,0.15641115197337332,0.08997766977538421,0.024431892814921845,0.018520951004860106,0.004991461972941022,0.08825786646201074,,0.07904834996162702,,,,,,,,,,,,
15,La Estrella,0.1952269662168388,0.12383077319145284,0.12614777310563804,0.19012271518064017,0.2531107869218227,0.21239165880030894,0.09439629280013731,0.30678795160044625,0.109628421865614,0.13151119883291856,0.3068,0.3077,,0.9587659830086673,0.46547326023718955,0.5345267397628105,0.0412340169913327,0.413111342351717,0.586888657648283,0.0236,,,0.17855895465658578,0.11057415717408814,0.028880451041307098,0.012886894488551374,0.0034518467380048328,0.11342351716961499,,0.08116545265348596,,,,,,,,,,,,
16,Ibiza,0.18132167299106208,0.11743509193384459,0.140811235332163,0.21717638362746003,0.2759863254180911,0.15416243185808,0.09442853183036126,0.24859096368844127,0.09775478148387692,0.12417998706458468,0.2486,0.3799,,0.8868151159567588,0.4416545113565326,0.5583454886434673,0.11318488404324124,0.4240816326530612,0.5759183673469388,0.0589,,,0.190413576315411,0.12570133793698748,0.032261545101424254,0.015968925334484248,0.003992231333621062,0.10081632653061225,,0.08244897959183674,,,,,,,,,,,,
17,Los Jerónimos,0.05896346928689301,0.11436283563006108,0.12075578917459867,0.20954681062650946,0.2918028128995596,0.16110242932234692,0.10242932234692428,0.26353175166927123,0.09262679357863333,0.12004546100298338,0.2635,0.3887,,0.8971444807501066,0.473950910530483,0.526049089469517,0.10285551924989345,0.40331491712707185,0.5966850828729282,0.0422,,,0.05760894130215931,0.10092724679029957,0.04172610556348074,0.014978601997146932,0.0028530670470756064,0.1132596685082873,,0.07596685082872928,,,,,,,,,,,,
18,Niño Jesús,0.12852344214644115,0.14084598839861825,0.14293163005931042,0.18418822915987748,0.2681353060027374,0.17943035912142344,0.08446848725803298,0.26389884637945643,0.12259662386756176,0.14957961285276675,0.2639,0.3201,,0.9433617936518282,0.4594445212104463,0.5405554787895537,0.05663820634817181,0.37284234752589185,0.6271576524741082,0.0272,,,0.11571096912045693,0.11594460227272728,0.030539772727272728,0.01473721590909091,0.003728693181818182,0.11277330264672036,,0.04257767548906789,,,,,,,,,,,,
19,Recoletos,0.10765799053014752,0.11122410067370027,0.16295919664421,0.21259692385915852,0.2834625651455447,0.15279013601118596,0.07696707766620059,0.22975721367738655,0.09279267827634423,0.11910512266429389,0.2298,0.335,53.58,0.831956273039278,0.4572192513368984,0.5427807486631016,0.168043726960722,0.4118759455370651,0.5881240544629349,0.0798,,,0.10586011342155009,0.09288715486194478,0.039315726290516204,0.014105642256902761,0.004501800720288115,0.09228441754916793,,0.11346444780635401,,,,,,,,,,,,
20,Goya,0.20286969373511782,0.10172349826301055,0.16587405983338394,0.22493170090053627,0.269553779216837,0.1534621741036797,0.08445478768255253,0.23791696178623226,0.08391514047691322,0.10857027218455935,0.2379,0.355,53.02,0.860905932746467,0.43725759059745345,0.5627424094025465,0.13909406725353302,0.40615906886517944,0.5938409311348206,0.0729,,,0.21027465806738574,0.11853138928760293,0.034524439072297346,0.013975976429704617,0.0031729243786356425,0.11445198836081474,,0.1037827352085354,,,,,,,,,,,,
21,Fuente del Berro,0.14417576703068122,0.1045512790090646,0.1433249489820132,0.24170661098191829,0.2668596649423378,0.1516776612405676,0.09187983484409852,0.24355749608466612,0.08770347871482131,0.11105310616487114,0.2436,0.3772,54.95,0.8818281049784064,0.4386200957967817,0.5613799042032184,0.11817189502159366,0.42048192771084336,0.5795180722891566,0.0662,,,0.1477657225461073,0.12352182326381424,0.0354762416684584,0.01677058697054397,0.0032251128789507633,0.10522088353413654,,0.0927710843373494,,,,,,,,,,,,
22,Guindalera,0.2847045460765799,0.10798144632170925,0.15463000793097648,0.22355740344636976,0.2702540315797063,0.142997909106203,0.10057920161503521,0.2435771107212382,0.09341728952870773,0.11509529188396742,0.2436,0.4129,55.93,0.8937008820207166,0.4514064432851073,0.5485935567148927,0.10629911797928333,0.45738186751073934,0.5426181324892607,0.0634,,,0.27982081301329603,0.11609423786545557,0.02952029520295203,0.014135679818336645,0.0032926483110984955,0.09292335518878589,,0.09156680985756274,,,,,,,,,,,,
23,Lista,0.14342310534526645,0.1062926387099852,0.1718429464243118,0.22737464815609942,0.2553790372596727,0.1516149038690902,0.08749582558084061,0.23911072944993084,0.0883068555889509,0.11301941701254711,0.2391,0.3659,54.35,0.8626973903916798,0.43499419344135376,0.5650058065586463,0.13730260960832022,0.4079221681723419,0.592077831827658,0.0742,,,0.14666963193595017,0.12422831149138958,0.0323838405718618,0.015704538069966426,0.003899057727715802,0.11709520500347463,,0.07435719249478805,,,,,,,,,,,,
24,Castellana,0.11716889728220707,0.10972903527213268,0.18827376781125904,0.21104882036907266,0.2594020088764307,0.15241765942536792,0.07912870824573698,0.23154636767110487,0.0925601494977809,0.11650315346881569,0.2315,0.3417,53.39,0.8355524410184536,0.438705619233995,0.561294380766005,0.16444755898154637,0.41264204545454547,0.5873579545454546,0.0832,,,0.10960906101571063,0.09913043478260869,0.034782608695652174,0.010289855072463768,0.0034782608695652175,0.09623579545454546,,0.06143465909090909,,,,,,,,,,,,
25,El Viso,0.11861652898227813,0.13339498323893192,0.1706739105305745,0.2045428274187955,0.2749393133741764,0.1383655068778176,0.07808345855970408,0.21644896543752168,0.11328170153739452,0.1418911108542365,0.2164,0.3607,55.85,0.889781528147035,0.11773814875867926,0.11559505624218859,0.11021847185296497,0.12926652142338416,0.14414957780458384,0.062,,,0.10442994505494506,0.08780006576783952,0.03387043735613285,0.011344952318316344,0.005590266359750082,0.07498689040377557,,0.03408495018353435,,,,,,,,,,,,
26,Prosperidad,0.2512665821135982,0.10621811137486016,0.14365228779569453,0.23347248369757986,0.2672505525087992,0.1685902158194865,0.08081634880357971,0.2494065646230662,0.08774658263076042,0.11243895118823498,0.2494,0.324,56.7,0.8966467490655098,0.24586642689445026,0.2513123177336481,0.10335325093449019,0.29193899782135074,0.2629674306393245,0.0646,,,0.27314560439560437,0.12427709328639679,0.031367865225044006,0.014143827005280362,0.0037716872014080965,0.0908130939809926,,0.0955649419218585,,,,,,,,,,,,
27,Ciudad Jardín,0.12780310561135297,0.11683295783714194,0.14113292565175412,0.23827915459714624,0.2726102349533312,0.14735543396631262,0.08378929299431391,0.23114472696062655,0.09618066731037442,0.12294818152558738,0.2311,0.3625,54.82,0.8849372384937239,0.12218392527099256,0.12719066796278294,0.11506276150627615,0.16249092229484385,0.15078407720144751,0.0721,,,0.13739697802197803,0.11572106973256686,0.02999250187453137,0.02074481379655086,0.003124218945263684,0.08065268065268065,,0.07226107226107226,,,,,,,,,,,,
28,Hispanoamérica,0.2175504747540534,0.14098887593357073,0.13635647433271358,0.20672486055525793,0.2702234267166672,0.15097847666467085,0.09472788579711972,0.24570636246179056,0.12022185106986417,0.14984401096650174,0.2457,0.3855,65.44,0.9283710963350456,0.22217226967714004,0.22381613664768782,0.07162890366495446,0.15885984023238925,0.16863691194209893,0.0378,,,0.21258585164835164,0.11743800985380826,0.030934496405783055,0.018334544867135125,0.0040384460059769,0.07699076110866696,,0.06687197536295644,,,,,,,,,,,,
29,Nueva España,0.16903986562917767,0.16206351137607983,0.14673317921888307,0.2177474956401833,0.2645901772316178,0.1349718132781766,0.07389382325505942,0.208865636533236,0.1413391734598694,0.17224317637993267,0.2089,0.3538,61.58,0.9086669100052723,0.17221972459496812,0.16750451326204693,0.09133308999472767,0.14941902687000727,0.17237635705669482,0.0488,,,0.15843063186813186,0.09753982876341173,0.030887612441747047,0.017340414002384306,0.00509374661320039,0.07238010657193605,,0.06438721136767318,,,,,,,,,,,,
30,Castilla,0.11572344290953965,0.12659952606635072,0.1678909952606635,0.20669431279620853,0.272867298578199,0.14063981042654028,0.08530805687203792,0.2259478672985782,0.10888625592417062,0.13518957345971563,0.2259,0.3776,56.53,0.91510663507109,0.11981950480376975,0.1145813081516456,0.08489336492890995,0.10802469135802469,0.10108564535585042,0.0482,,,0.11401098901098901,0.10271084337349398,0.03448795180722892,0.01430722891566265,0.005572289156626506,0.11095603628750872,,0.10676901605024425,,,,,,,,,,,,
31,Bellas Vistas,0.18454193760803358,0.11281136348040897,0.17611336032388664,0.26267755438139023,0.2645989158031977,0.11912440815206203,0.06467439785905442,0.18379880601111645,0.09328895903382968,0.11953612845673506,0.1838,0.3519,43.54,0.771838331160365,0.45714793741109533,0.5428520625889047,0.22816166883963493,0.4523308270676692,0.5476691729323309,0.1884,,,0.17853917022942134,0.10328836424957842,0.030522765598650928,0.013322091062394605,0.003288364249578415,,,,0.12105263157894737,0.081203007518797,,,,,,,,,,
32,Cuatro Caminos,0.21912534744866624,0.10069926028663893,0.16464401294498382,0.24832408691631994,0.2597954230235784,0.14334835876098012,0.08318885806749884,0.22653721682847897,0.08350670365233472,0.10743180767452612,0.2265,0.3672,50.14,0.8509593157651411,0.4535823429541596,0.5464176570458404,0.149040684234859,0.43078712679333075,0.5692128732066692,0.1101,,,0.22627506473173964,0.1157607610937396,0.031468298849045305,0.013705009646730092,0.0038586920364579867,,,,0.08530438154323382,0.07153935633966654,,,,,,,,,,
33,Castillejos,0.12988090187859716,0.092721688685224,0.1494661921708185,0.25593526056647004,0.26393019061083217,0.14985618875834836,0.08809047920830693,0.23794666796665528,0.0743430994978794,0.09779164432311217,0.2379,0.3702,50.54,0.8492175693462682,0.4535017221584386,0.5464982778415615,0.15078243065373179,0.4206272227610734,0.5793727772389267,0.1078,,,0.14076895285120733,0.1139985028339215,0.03732221152817881,0.01122874558870709,0.003315153459523046,,,,0.07888781118655028,0.07985774329130295,,,,,,,,,,
34,Almenara,0.1433609603829375,0.11284338839325148,0.16884550834731915,0.2422489179401113,0.277316491476018,0.10838265170921296,0.0903630421340871,0.19874569384330007,0.09614875011041428,0.12110237611518417,0.1987,0.4547,47.03,0.8559756205282218,0.4590578401527269,0.5409421598472731,0.14402437947177812,0.43452928549524683,0.5654707145047532,0.1111,,,0.14036249774191606,0.09212784212784213,0.03078078078078078,0.018125268125268126,0.0027885027885027887,,,,0.22784421956455075,0.11775528978840846,,,,,,,,,,
35,Valdeacederas,0.16475556709320804,0.12347719149917374,0.1723607855193882,0.27942815418315975,0.2792360016909419,0.08900503439529611,0.056492832712040274,0.1454978671073364,0.10237884785365667,0.13112486068944315,0.1455,0.3883,38.24,0.773221628684524,0.4717693836978131,0.5282306163021869,0.22677837131547596,0.4389086595492289,0.561091340450771,0.1799,,,0.1596766423797194,0.07570472329593665,0.0233807862732158,0.018006976524936363,0.003959649288205902,,,,0.15946449754278935,0.1669208608710388,,,,,,,,,,
36,Berruguete,0.15833528558855747,0.11820690206742113,0.17523093533810533,0.2682848802335346,0.27184388371256046,0.10093173911304834,0.0655016595353301,0.16643339864837844,0.10045187347542688,0.12588475226936457,0.1664,0.3936,41.31,0.7594673491422401,0.4532961246840775,0.5467038753159225,0.24053265085775982,0.42460515378221114,0.5753948462177889,0.1967,,,0.15437767206599626,0.0931253047294003,0.027596294490492442,0.018430034129692834,0.003315455875182838,,,,0.03873649210307564,0.1341645885286783,,,,,,,,,,
37,Gaztambide,0.1641543801273593,0.08981695863002927,0.17819230265169717,0.21951858809138963,0.25652002970599797,0.16093661264252326,0.09501550827836268,0.25595212092088593,0.0750513302171159,0.09519024944301253,0.256,0.3712,0.373,0.8871608929273513,0.44189481977545797,0.558105180224542,0.11283910707264865,0.42121564072783585,0.5787843592721641,0.0655,,,0.16928708496605552,0.13059630405791578,0.03591160220994475,0.011621261192608116,0.0028576871785101926,0.08826945412311266,,0.06039488966318235,,,,,,,,,,,,
38,Arapiles,0.17537003040559923,0.10083827438151707,0.16839092210181966,0.2410958904109589,0.2487425884277244,0.15411981189940707,0.0868125127785729,0.24093232467797995,0.08411367818442037,0.10689020650173789,0.2409,0.3603,0.2968,0.887712124309957,0.4445160993136487,0.5554839006863512,0.11228787569004293,0.45083758193736345,0.5491624180626365,0.0616,,,0.18052666376404947,0.1264850379633765,0.033586422510049126,0.015185350602947744,0.0019651630192050024,0.10742898761835397,,0.06372906045156591,,,,,,,,,,,,
39,Trafalgar,0.17709827319144053,0.09754616132167153,0.1559361839974085,0.2699627470035633,0.2642938127632005,0.13743116294136704,0.07482993197278912,0.21226109491415615,0.08167314544865566,0.10382248137350178,0.2123,0.3525,0.3197,0.8670229996760609,0.4439099570334392,0.5560900429665608,0.1329770003239391,0.44244823386114496,0.557551766138855,0.0689,,,0.18896037927531323,0.11034306195596519,0.03353814644137225,0.013910223587642942,0.0030721966205837174,0.11084043848964677,,0.07947624847746651,,,,,,,,,,,,
40,Almagro,0.14203860937410362,0.11001161205634372,0.16196294239410308,0.21805422325440502,0.2710657848235472,0.15136063008027464,0.0875448073913263,0.23890543747160095,0.0927954763467461,0.11707982026556268,0.2389,0.3664,0.3254,0.8647952743979401,0.44386712592679084,0.5561328740732092,0.13520472560205987,0.4193427931292009,0.5806572068707991,0.0725,,,0.1302952606711496,0.10705445544554455,0.03502475247524753,0.016336633663366337,0.0034653465346534654,0.10007468259895444,,0.05825242718446602,,,,,,,,,,,,
41,Ríos Rosas,0.19635993345189603,0.1090132203637426,0.15758527499817399,0.2416185815499233,0.2585640201592287,0.14670221313271492,0.08651668979621649,0.2332189029289314,0.08863486962237967,0.11514863779124973,0.2332,0.371,0.3214,0.889124242202907,0.4379364166598209,0.5620635833401791,0.11087575779709298,0.43478260869565216,0.5652173913043478,0.0617,,,0.19574927837711448,0.11689595518576489,0.030645028420792485,0.01680533816624104,0.0037894389982700387,0.14855072463768115,,0.061923583662714096,,,,,,,,,,,,
42,Vallehermoso,0.14497877344960128,0.10718702082405895,0.1551664440817134,0.1972102685858436,0.2627986348122867,0.17376465350942277,0.10387297818667458,0.27763763169609734,0.09402977692041352,0.11520007914131672,0.2776,0.3741,0.3163,0.926052332195677,0.43467578250186945,0.5653242174981306,0.07394766780432309,0.3705685618729097,0.6294314381270903,0.0397,,,0.1351813329463177,0.13038291780985328,0.032208040081116544,0.01276392699510915,0.0028629368960992486,0.09163879598662207,,0.036120401337792644,,,,,,,,,,,,
43,El Pardo,0.014039451916706297,0.11001737116386798,0.14070642733063116,0.22003474232773595,0.2721482339316734,0.13578459756803707,0.12130862767805443,0.25709322524609146,0.09380428488708743,0.1178343949044586,0.2571,0.4718,59.98,0.959177764910249,0.49562330214307276,0.5043766978569273,0.04082223508975101,0.4397163120567376,0.5602836879432624,0.0232,,,0.014531189568484447,0.1285171102661597,0.03802281368821293,0.018250950570342206,0.00532319391634981,,0.04964539007092199,,,,0.07801418439716312,,,,,,,,,
44,Fuentelarreina,0.013271224814141882,0.15773353751914243,0.16202143950995407,0.15773353751914243,0.2584992343032159,0.1785604900459418,0.08545176110260337,0.26401225114854515,0.1457886676875957,0.16998468606431852,0.264,0.3237,76.68,0.9255742725880551,0.4672402382528127,0.5327597617471873,0.07442572741194486,0.2839506172839506,0.7160493827160493,0.0459,,,0.012310072379689485,0.10233393177737882,0.03859964093357271,0.01526032315978456,0.008976660682226212,,0.00411522633744856,,,,0.06584362139917696,,,,,,,,,
45,Peñagrande,0.18091138561342324,0.12384290464635571,0.14628830771996046,0.19751505347353285,0.2757931158443426,0.18643839309787005,0.07012222521793834,0.2565606183158084,0.10896917408106407,0.13197627392828257,0.2566,0.2733,63.54,0.9231149456277523,0.4696246896753152,0.5303753103246848,0.07688505437224769,0.42314436002337813,0.5768556399766218,0.052,,,0.18775622962594618,0.09540344888470367,0.029780472014595962,0.021599670413748454,0.005532340650932847,,0.0973115137346581,,,,0.11513734658094682,,,,,,,,,
46,Del Pilar,0.18867901520601899,0.10247958809970055,0.12874038647967428,0.2288502552833969,0.24724789418126197,0.19502789805898446,0.09765397789698184,0.2926818759559663,0.08666709752472047,0.10900708761498525,0.2927,0.3337,67.14,0.8856718154204097,0.4590630472854641,0.5409369527145359,0.11432818457959025,0.439608064820049,0.560391935179951,0.0834,,,0.21594563235537875,0.12639443250434962,0.033261692764302526,0.015709753351755194,0.0019445297308361479,,0.0872432636140946,,,,0.11400037686074996,,,,,,,,,
47,La Paz,0.13724438157718244,0.10552347104990374,0.1279431363838294,0.199081889530579,0.24895601954686805,0.25283577669184065,0.06565970679697912,0.3184954834888198,0.08861246853250407,0.11147638086776247,0.3185,0.2062,75.43,0.9477861691100252,0.46956440222486096,0.530435597775139,0.052213830889974826,0.4384571752694271,0.5615428247305729,0.0316,,,0.13868169512127743,0.09681274900398407,0.030119521912350598,0.011394422310756972,0.002151394422310757,,0.07884288145207033,,,,0.09699376063528077,,,,,,,,,
48,Valverde,0.2568927042813418,0.23024952136833277,0.12816252907390707,0.27069191943165455,0.2532871315327289,0.07156532333349155,0.04604357525988513,0.11760889859337668,0.19847787218556667,0.24086644198667742,0.1176,0.3915,55.88,0.8830398253192197,0.4789370889999821,0.5210629110000179,0.11696017468078036,0.4466991341991342,0.5533008658008658,0.0801,,,0.25169346372727774,0.062431400096588666,0.01620055318962111,0.040655046757694165,0.012293102691311411,,0.1048430735930736,,,,0.06872294372294373,,,,,,,,,
49,Mirasierra,0.13372029217018058,0.2044197215636209,0.17523861632926013,0.19071068150039516,0.2847589519119703,0.111891300383002,0.03298072831175147,0.1448720286947535,0.17733600826797982,0.2175208219344641,0.1449,0.2277,56.84,0.9507568849170163,0.48270349766609116,0.5172965023339088,0.04924311508298377,0.37407407407407406,0.6259259259259259,0.0225,,,0.18341125424640947,0.04996214988644966,0.01845193035579107,0.03179409538228615,0.00813777441332324,,0.004193722943722944,,,,0.008116883116883116,,,,,,,,,
50,El Goloso,0.07228352406995882,0.3212684349846037,0.09480849224785262,0.29155637188698613,0.21327859110798986,0.03954405488628383,0.03954405488628383,0.07908810977256767,0.2743233752903679,0.332883150559127,0.0791,0.5,70.06,0.9463021986926692,0.4969458240566307,0.5030541759433693,0.053697801307330775,0.4255533199195171,0.5744466800804829,0.0239,,,0.07160875853486261,0.017204682511528912,0.008513657325292657,0.06633557999290529,0.023589925505498405,,0.003246753246753247,,,,0.007305194805194805,,,,,,,,,
51,Casa de Campo,0.10878139051941418,0.09360326379801401,0.14486952505580786,0.2048341159264106,0.30659687475944886,0.14009699022400124,0.10999923023631746,0.2500962204603187,0.08020937572165346,0.10130090062350858,0.2501,0.4398,54.18,0.9143253021322454,0.4583263175618791,0.5416736824381209,0.0856746978677546,0.46630727762803237,0.5336927223719676,0.0455,,,0.1228039430449069,0.13164466642882625,0.0360328219764538,0.016946129147342132,0.002675704602211916,,,,,,,0.11769991015274034,0.08445642407906559,,,,,,,
52,Argüelles,0.20174505748473912,0.09367866185199021,0.16527622130909392,0.2170754991076246,0.2736479475366289,0.15494126924832938,0.09538040094633296,0.25032167019466234,0.07877806831859877,0.09944797244012783,0.2503,0.381,53.79,0.8757730461129789,0.4545971563981043,0.5454028436018957,0.12422695388702112,0.4393585031740728,0.5606414968259271,0.0714,,,0.227842278203724,0.10941255648495336,0.03547735794635131,0.013460244207287761,0.0033650610518219403,,,,,,,0.07250250584697628,0.02639492148346141,,,,,,,
53,Ciudad Universitaria,0.13615467707225576,0.11765067650676507,0.17890528905289052,0.18776137761377615,0.2593480934809348,0.17189421894218943,0.08444034440344403,0.2563345633456335,0.10571955719557195,0.12693726937269373,0.2563,0.3294,62.15,0.9030750307503075,0.46233996186325255,0.5376600381367475,0.09686346863468635,0.38666666666666666,0.6133333333333333,0.0667,,,0.13450164293537786,0.10390879478827361,0.033387622149837134,0.015960912052117263,0.004071661237785016,,,,,,,0.059682539682539684,0.05015873015873016,,,,,,,
54,Valdezarza,0.24888003148472237,0.11708498755130879,0.1521768387053361,0.21310813538792814,0.26842069847251193,0.16253953300585425,0.08666980687706076,0.24920933988291502,0.10093533409595586,0.1252271045017159,0.2492,0.3478,59.86,0.8879954242648543,0.46038722388512104,0.5396127761148789,0.11200457573514569,0.4463802943826975,0.5536197056173024,0.0844,,,0.2674041621029573,0.1219791922667322,0.03031047759482264,0.02097157368722864,0.005406733841238634,,,,,,,0.1420847101231601,0.07149294082306999,,,,,,,
55,Valdemarín,0.05632080922435377,0.2584002378828427,0.15893547427891763,0.18941421349985132,0.2823371989295272,0.07508177222717811,0.03583110318168302,0.11091287540886113,0.23996431757359502,0.2759440975319655,0.1109,0.3231,63.09,0.9067796610169492,0.4794228562059354,0.5205771437940646,0.09322033898305085,0.29505582137161085,0.7049441786283892,0.059,,,0.04190580503833516,0.02561421850496602,0.01986408782017773,0.05070569785676947,0.014113957135389441,,,,,,,0.01594896331738437,0.03987240829346093,,,,,,,
56,El Plantío,0.023513058623548227,0.18162393162393162,0.16666666666666666,0.16524216524216523,0.2934472934472934,0.14423076923076922,0.04878917378917379,0.19301994301994302,0.1648860398860399,0.198005698005698,0.193,0.2528,64.21,0.907051282051282,0.47153513937966235,0.5284648606203377,0.09294871794871795,0.3831417624521073,0.6168582375478927,0.0552,,,0.018751369112814897,0.04322429906542056,0.037383177570093455,0.01985981308411215,0.014018691588785047,,,,,,,0.0038314176245210726,0.07662835249042145,,,,,,,
57,Aravaca,0.22460497559096657,0.18767475673861983,0.18782388248890877,0.1769377027178168,0.2979159676397122,0.10975655221265332,0.03989113820228908,0.1496476904149424,0.173284121835738,0.20236364314207955,0.1496,0.2666,54.32,0.9016515676844499,0.4795947901591896,0.5204052098408104,0.09831115087797786,0.38680318543799774,0.6131968145620023,0.0485,,,0.18341125424640947,0.053594464641726285,0.022516711621906885,0.03131230209921426,0.0077401196200304915,,,,,,,0.30268199233716475,1.7164750957854407,,,,,,,
58,Los Cármenes,0.07304937141513475,0.13410358107719722,0.1765821693395413,0.19888486520664483,0.31873311490486866,0.10231649134908317,0.06937977812266483,0.17169626947174801,0.12042306144737598,0.14416278668735988,0.1717,0.4041,46.17,0.8577340920848422,0.4697761694142876,0.5302238305857123,0.14226590791515778,0.47393939393939394,0.526060606060606,0.1078,,,,,,,,,,,,,,0.06585858585858585,0.10343434343434343,,,,,,,
59,Puerta del Ángel,0.17522275502406007,0.10975317517373592,0.16331176611550444,0.23738317757009345,0.2820273184759166,0.11885933381260484,0.08866522885214474,0.20752456266474958,0.09501557632398754,0.11703810208483105,0.2075,0.4273,48.05,0.8073568176371915,0.4592917989967647,0.5407082010032352,0.19264318236280853,0.462122154496828,0.5378778455031721,0.149,,,,,,,,,,,,,,0.10312227889040926,0.07438736161214081,,,,,,,
60,Lucero,0.1515405997799743,0.1173178165696869,0.16688833471875866,0.20362981435300637,0.2866999168744805,0.13025768911055693,0.09520642837351066,0.2254641174840676,0.10412856747021336,0.1257412025491826,0.2255,0.4223,54.13,0.8301745635910225,0.4669737325189413,0.5330262674810587,0.16982543640897754,0.45358133463860334,0.5464186653613966,0.1326,,,,,,,,,,,,,,0.11372165116658509,0.10605318975363028,,,,,,,
61,Aluche,0.2786054401773642,0.10598182393633857,0.13886753779144248,0.2016397642838842,0.25437446308269657,0.20293590149357207,0.09620050941206613,0.2991364109056382,0.0935780922668837,0.11396964627511266,0.2991,0.3216,70.39,0.8396406987083842,0.45911938396366964,0.5408806160363303,0.16031408720290577,0.4578358559744289,0.5421641440255711,0.1143,,,,,,,,,,,,,,0.05574880135376516,0.17091285136786688,,,,,,,
62,Campamento,0.08096021901794637,0.12364503915772003,0.1477620455370572,0.22037238732430892,0.26876199367252734,0.15025154296976298,0.08920699133862352,0.23945853430838648,0.10564804730045123,0.13111353145583735,0.2395,0.3725,58.87,0.8135988797261553,0.46911455345190284,0.5308854465480971,0.1863492557439967,0.4511550236571111,0.548844976342889,0.1349,,,,,,,,,,,,,,0.041747843028110215,0.15391038129696633,,,,,,,
63,Cuatro Vientos,0.024135643323227828,0.22564370215727209,0.1292623521224774,0.30758524704244955,0.27592205984690327,0.050278357689631174,0.011308281141266528,0.061586638830897704,0.19154488517745302,0.23503827418232429,0.0616,0.1836,42.17,0.9382393876130828,0.5069534581865381,0.4930465418134619,0.061760612386917185,0.49295774647887325,0.5070422535211268,0.0411,,,,,,,,,,,,,,0.07887323943661972,0.18309859154929578,,,,,,,
64,Las Águilas,0.21648597126229246,0.11313691642260022,0.13769226293228853,0.189402021064065,0.27996198382372905,0.18496033516302346,0.0948464805942937,0.27980681575731714,0.10074286711794712,0.12130263591752817,0.2798,0.339,66.98,0.8847683146808387,0.46604261662574537,0.5339573833742547,0.11523168531916132,0.44739942770577346,0.5526005722942265,0.0795,,,,,,,,,,,,,,0.4197183098591549,2.6732394366197183,,,,,,,
65,Comillas,0.08853540942143534,0.1047181181091818,0.14828371200285675,0.2327366870508414,0.2746507164219078,0.14694460563317413,0.09266616078203813,0.23961076641521226,0.0886042047940008,0.0832536087053076,0.1885,0.3386,54.05,0.8185957237869929,0.45204209607939366,0.5479579039206064,0.1814042762130072,0.47736220472440943,0.5226377952755905,0.1325,,,0.09958193979933111,0.13077246011754828,0.03599916036943745,0.01962636439966415,0.0031486146095717885,,,,,,,0.0703740157480315,0.1141732283464567,,,,,,,
66,Opañel,0.13061571293076193,0.11388460258388551,0.165713594142386,0.229191249886539,0.28262382378747997,0.1255030104989259,0.08308371910078363,0.20858672959970953,0.09839339203049832,0.088,0.147,0.3583,49.37,0.7902332758464192,0.4547821425836588,0.5452178574163412,0.20970621161235667,0.46833068821237916,0.5316693117876208,0.1689,,,0.13691471571906355,0.12091603053435114,0.0333587786259542,0.01618320610687023,0.002748091603053435,,,,,,,0.14860770451594288,0.09709998557206752,,,,,,,
67,San Isidro,0.15395589630098008,0.12475293272069204,0.16903252303822164,0.22958646713042585,0.28377441794799396,0.1194650512103088,0.07338860795235773,0.19285365916266653,0.10909464281130477,0.07264267401006552,0.16873991073972083,0.3286,48.35,0.8016274353774675,0.4627429632713183,0.5372570367286816,0.19837256462253253,0.4846014492753623,0.5153985507246377,0.1509,,,0.15780727424749164,0.1050400688787337,0.029604609576793166,0.021259686071925292,0.0022518047552818068,,,,,,,0.08605072463768115,0.11633022774327122,,,,,,,
68,Vista Alegre,0.18169064179576352,0.11810766721044046,0.16104404567699837,0.22225122349102774,0.27092985318107665,0.1442305600870038,0.08343665035345296,0.22766721044045676,0.10366503534529636,0.085,0.1608,0.3474,54.77,0.7784448069603045,0.45036184302439297,0.549638156975607,0.22155519303969548,0.4690752012566267,0.5309247987433733,0.1813,,,0.18057065217391305,0.11963882618510158,0.02911385078427968,0.01950570122127684,0.0030097817908201654,,,,,,,0.11525623404673081,0.09758492047908894,,,,,,,
69,Puerta Bonita,0.13776478027189376,0.13861158921399885,0.17581755593803786,0.2227768215720023,0.27799770510613886,0.11018359150889272,0.07461273666092944,0.18479632816982214,0.12392426850258176,0.0803467297084318,0.1629,0.3508,0.3214,0.775473321858864,0.46657788628713054,0.5334221137128694,0.22452667814113597,0.4733614411651974,0.5266385588348026,0.1783,,,0.13061245819397993,0.09842362166920061,0.029687124909978393,0.024005761382731857,0.002480595342882292,,,,,,,0.06822537370640092,0.12022486265491249,,,,,,,
70,Buenavista,0.18595874170091686,0.1932206991818085,0.14619062798852406,0.24352353628732334,0.2790989267878015,0.09068111784082457,0.04728509191371799,0.13796620975454255,0.17500796939751354,0.07026801833078739,0.1705,0.3157,0.3163,0.8689406014238656,0.4847632557229505,0.5152367442770495,0.1310593985761343,0.47283930598346036,0.5271606940165396,0.0899,,,0.17917015050167223,0.057399521670652744,0.01895817534853876,0.033599720002333314,0.006708277431021408,,,,,,,0.047835252148532514,0.19815145127290418,,,,,,,
71,Abrantes,0.1214788175782485,0.15449429064055434,0.1610006831712157,0.217638830150623,0.2873222941540063,0.11106412049838967,0.06847978138521096,0.17954390188360064,0.13800058557532777,0.12830043129141974,0.23156492163119324,0.3403997577225924,0.5621713409290097,0.8038322652005595,0.46230118580274393,0.5376988141972561,0.19616773479944044,0.4771144278606965,0.5228855721393035,0.1571,,,0.18341125424640947,0.10302645886190649,0.023921710764769843,0.023740485683218557,0.004440014498006524,,,,,,,0.10475109453543052,0.11302091778822766,,,,,,,
72,Orcasitas,0.16370491967799514,0.16368174453737355,0.1452029601085957,0.20173402811227395,0.295003722030039,0.10925252879099706,0.08512501642072076,0.19437754521171782,0.15028243639707492,0.17427858300126986,0.1944,0.4379,58.39,0.9171082016026624,0.4727368220015279,0.5272631779984721,0.08289179839733765,0.45641838351822506,0.5435816164817749,0.0609,,,0.16946564885496182,0.10099573257467995,0.026552868658131817,0.02501185395922238,0.004623044096728307,,,,,,,0.13734812466983623,,0.04067617538298996,,,,,,
73,Orcasur,0.09898136930918058,0.1552723059096176,0.18518250289687138,0.22211761297798377,0.2913528389339513,0.09139629200463499,0.054678447276940906,0.1460747392815759,0.13709443800695248,0.16649768250289687,0.1461,0.3743,45.47,0.8512456546929317,0.4843457546367194,0.5156542453632806,0.14875434530706835,0.48880233690360275,0.5111976630963972,0.1233,,,0.09489754921655283,0.06816257408975444,0.02222692633361558,0.026037256562235395,0.004445385266723116,,,,,,,0.3062317429406037,,0.0501460564751704,,,,,,
74,San Fermín,0.16964752940839134,0.17163863770810445,0.17730076903574749,0.21938646159046735,0.28914899011239753,0.09519986478492352,0.047325276768359674,0.1425251415532832,0.15942702611341164,0.18401926814839856,0.1425,0.332,48.49,0.8090087044705485,0.47811553327065703,0.521884466729343,0.19099129552945154,0.47699115044247786,0.5230088495575221,0.1536,,,0.16599035757332262,0.06886118843035217,0.02347815563354714,0.03255476219290814,0.004477792569284764,,,,,,,0.2247787610619469,,0.028982300884955754,,,,,,
75,Almendrales,0.1536834861398843,0.1440365688698167,0.1778068006903307,0.24114930733709594,0.2740799477587574,0.09104902280889966,0.07187835253509958,0.16292737534399926,0.12551891412845748,0.15285227855776856,0.1629,0.4412,46.15,0.726246560007463,0.4586384071933205,0.5413615928066795,0.273753439992537,0.49446242971545407,0.5055375702845459,0.2441,,,0.15359582161510646,0.10201412503269683,0.026942191995814806,0.02131833638503793,0.0026157467957101752,,,,,,,0.34673709320156754,,0.10223206679161698,,,,,,
76,Moscardó,0.18890904007856574,0.1223390126361325,0.16783667893598453,0.24323606420521382,0.2773118810002656,0.11065153872424392,0.0786248244981596,0.18927636322240352,0.10366941145220658,0.13091488635070012,0.1893,0.4154,47.1,0.7278108754221531,0.45359749739311783,0.5464025026068822,0.27218912457784694,0.5018820577164367,0.4981179422835634,0.2371,,,0.1961229409401366,0.11451398135818908,0.03185496261395063,0.017310252996005325,0.0017412680528526069,,,,,,,0.3277568660253729,,0.12505227938101213,,,,,,
77,Zofío,0.10012831449236922,0.12729095074455898,0.18327605956471935,0.22028923253150057,0.2888029782359679,0.10839060710194731,0.07195017182130584,0.18034077892325315,0.1129725085910653,0.13760022909507447,0.1803,0.399,46.61,0.7620990836197021,0.46040394551432595,0.539596054485674,0.2379009163802978,0.4839000902798676,0.5160999097201324,0.196,,,0.10024106066693451,0.09779559118236474,0.02404809619238477,0.021643286573146292,0.0018036072144288577,,,,,,,0.19319891664158892,,0.09750225699668974,,,,,,
78,Pradolongo,0.12494534089361367,0.13522662076878944,0.18209982788296042,0.2457831325301205,0.2648881239242685,0.10143430866322432,0.07056798623063683,0.17200229489386115,0.11663798049340218,0.1444635685599541,0.172,0.4103,46.3,0.6612162937464142,0.4536225596529284,0.5463774403470716,0.3387837062535858,0.4960203217612193,0.5039796782387806,0.3114,,,0.18341125424640947,0.09953004363880497,0.02769385699899295,0.020308828465928165,0.002685464921114468,,,,,,,0.4455546147332769,,0.11566469093988145,,,,,,
79,Entrevías,0.1477957149550624,,,0.20649605164562798,0.28912329240878437,0.1126001498645455,0.08147443656694911,0.1940745864314946,0.11983399619574615,0.14620439218398754,0.1941,0.4198,51.58,0.8452072165542682,0.47921710369284276,0.5207828963071572,0.15479278344573175,0.48836343325265313,0.5116365667473468,0.1179,,,0.14340134516475442,0.10105628251615954,0.02648588995743339,0.02041620684218824,0.0025224657102317517,,0.051573263824241294,,,,0.16514615527834667,,,,,,,,,
80,San Diego,0.17746730842952677,,,0.2561203917050691,0.27409754224270355,0.0844374039938556,0.05777169738863287,0.1422091013824885,0.1177515360983103,0.1488335253456221,0.1422,0.4062,41.05,0.7111415130568356,0.4705862499578116,0.5294137500421884,0.28885848694316435,0.4894058994599086,0.5105941005400914,0.2436,,,0.1791216865427005,0.08727754638394547,0.028461441373217215,0.025432285750347092,0.002839833396440742,,0.09115081013710012,,,,0.07694225176568342,,,,,,,,,
81,Palomeras Bajas,0.17108659539123397,,,0.18874172185430463,0.3350097097047254,0.10035851217447593,0.06281432056963601,0.16317283274411193,0.11103918737240452,0.13197729422894985,0.1632,0.385,41.87,0.8600059752029079,0.4694149321135975,0.5305850678864025,0.13999402479709208,0.4750133380757603,0.5249866619242397,0.099,,,0.16970553326174193,0.08412708985545861,0.02364617331645907,0.02118164257643376,0.0023979218011057086,,0.1173750666903788,,,,0.11186199537613374,,,,,,,,,
82,Palomeras Sureste,0.18142863227840014,,,0.21305817720805748,0.3017561158848664,0.112973658261727,0.06998638305864675,0.18296004132037377,0.11468751467342818,0.14020754096821147,0.183,0.3825,47.75,0.882049114898812,0.4760713335107799,0.5239286664892201,0.11795088510118797,0.47113853503184716,0.5288614649681529,0.0993,,,0.18094161532809586,0.08871118885487599,0.0266133566564628,0.023614668582495158,0.0035609420878365714,,0.07185509554140128,,,,0.1588375796178344,,,,,,,,,
83,Portazgo,0.12075648507049452,,,0.22201058201058202,0.2741446208112875,0.13058201058201058,0.08606701940035273,0.21664902998236332,0.1126278659611993,0.13753086419753086,0.2166,0.3973,54.84,0.8560141093474427,0.4654277237514422,0.5345722762485577,0.14398589065255732,0.47501224889759924,0.5249877511024008,0.116,,,0.12204826767648222,0.1137352968417153,0.029637862369176624,0.021116976938038344,0.0025006946373992774,,0.09578637922586968,,,,0.1487016168544831,,,,,,,,,
84,Numancia,0.20146526387528219,,,0.23457651486320774,0.28373292739650724,0.1158611357774113,0.07000295995602351,0.18586409573343482,0.10691784007780455,0.1325637447672206,0.1859,0.3766,46.72,0.7913019577994841,0.46907312902450105,0.530926870975499,0.20869804220051588,0.480599736602168,0.5194002633978321,0.137,,,0.20478155202622506,0.09698608964451313,0.028979907264296754,0.022024729520865535,0.0020975932877014794,,0.09654543612602573,,,,0.09684935670144869,,,,,,,,,
85,Pavones,0.09657643564565739,0.11316624712706577,0.16996826091715006,0.1719382729561125,0.29626792163729887,0.1605559811754405,0.08810331618693225,0.24865929736237277,0.10484841851811316,0.12301630732187809,0.2487,0.3543,59.15,0.8973404837474007,0.4593243078424198,0.5406756921575802,0.10265951625259932,0.4466950959488273,0.5533049040511727,0.0551,,,0.08743707886116067,0.10508681084374048,0.029850746268656716,0.017666768199817242,0.003350593968930856,,,,,,0.07569296375266525,,,,0.06396588486140725,,,,,
86,Horcajo,0.06694923315963598,0.16150931480896746,0.21645089990527314,0.13593305967792865,0.401168298073887,0.06046731922955478,0.024471108304389012,0.08493842753394379,0.16103568045468897,0.1810862014524787,0.0849,0.2881,36.24,0.961477739185349,0.4779967159277504,0.5220032840722496,0.03852226081465109,0.48770491803278687,0.5122950819672131,0.0238,,,0.05766106479878552,0.02725173210161663,0.012009237875288684,0.03464203233256351,0.006466512702078522,,,,,,0.14754098360655737,,,,0.05327868852459016,,,,,
87,Marroquina,0.28813326427718294,0.09387380777696258,0.17013939838591344,0.1503668378576669,0.31280264123257523,0.17472487160674982,0.09809244314013206,0.27281731474688187,0.08771093176815847,0.10304475421863536,0.2728,0.3596,60.22,0.9380410858400587,0.4655273552070705,0.5344726447929294,0.06192223037417462,0.4395734597156398,0.5604265402843602,0.0408,,,0.2885716568567396,0.11684356252884172,0.031748961698200275,0.015782187355791417,0.0033225657591139826,,,,,,0.15995260663507108,,,,0.06101895734597156,,,,,
88,Media Legua,0.18889323425889715,0.10726875944267249,0.15147445582228192,0.1832018353757484,0.2829164568295003,0.1769346986738291,0.09820379385596777,0.2751384925297969,0.09193665715404846,0.11387163561076605,0.2751,0.3569,63.67,0.9067203849812545,0.45815847938780546,0.5418415206121945,0.09327961501874546,0.4451109778044391,0.5548890221955609,0.0649,,,0.19114709564013105,0.1272119269889926,0.027309460777483627,0.017277413961265153,0.0030653476382889785,,,,,,0.11157768446310738,,,,0.0647870425914817,,,,,
89,Fontarrón,0.181156126795548,0.11791819826127545,0.1477915864402824,0.2014703308244355,0.27411167512690354,0.1386311920182041,0.120077017328899,0.2587082093471031,0.10724079584573196,0.12772040375751212,0.2587,0.4641,62.98,0.8603185716786277,0.45635808748728385,0.5436419125127162,0.13968142832137231,0.43859649122807015,0.5614035087719298,0.0985,,,0.1829440434655232,0.13975833454651332,0.03493958363662833,0.01819769981074392,0.002329305575775222,,,,,,0.15288220551378445,,,,0.10192147034252297,,,,,
90,Vinateros,0.17829170586307858,0.10837087977235,0.12757884752193502,0.195814560113825,0.2689115484941902,0.16356414512686746,0.13576001897083234,0.2993241640976998,0.0952691486838985,0.11447711643348352,0.2993,0.4536,70.59,0.8866492767370169,0.44129446376036374,0.5587055362396363,0.11335072326298316,0.41997907949790797,0.5800209205020921,0.0757,,,0.19223906037766,0.15253532834580216,0.0371293987254087,0.018426156830146857,0.003463563313937379,,,,,,0.1705020920502092,,,,0.09152719665271966,,,,,
91,Ventas,0.22240255236509918,0.10717478533857253,0.15503440819975467,0.21694837730514147,0.2840807501195451,0.1331420611655128,0.10361961787147342,0.23676167903698622,0.09341150543670347,0.11488804341046592,0.2368,0.4377,54.24,0.8352564502380507,0.44826384567517114,0.5517361543248289,0.16474354976194933,0.45557799091367995,0.54442200908632,0.1235,,,0.22946525421772945,0.12979632889112397,0.033794317324616546,0.01724918280110636,0.0029167714357555947,,,,,,0.11231701161029783,,,,,0.09300858152448259,,,,
92,Pueblo Nuevo,0.2871919360059185,0.11619519891806604,0.16006826488061696,0.22092704995894447,0.2850380769911932,0.13537054628004702,0.08240086297113233,0.21777140925117933,0.10307352964853246,0.12479270982595675,0.2178,0.3784,52.11,0.8272769718729371,0.46324659906973126,0.5367534009302688,0.17269082771167749,0.4685810180868917,0.5314189819131083,0.1337,,,0.276016063144776,0.10932731301475815,0.03148124921610435,0.017308415903674903,0.0029683515197123627,,,,,,0.09155323512959164,,,,,0.10488532537758717,,,,
93,Quintana,0.113848430202987,0.10718057022175291,0.1590041426366664,0.23093168710908943,0.2810088538705223,0.12192348306392657,0.0999512630980424,0.22187474616196898,0.09329055316383722,0.11461294777028673,0.2219,0.4505,50.71,0.8158151246852409,0.44098172947677605,0.559018270523224,0.18418487531475916,0.4463065049614112,0.5536934950385888,0.141,,,0.1192965450391193,0.13697040046430645,0.031243954343199844,0.01886244921648288,0.0016444186496420972,,,,,,0.06879823594266814,,,,,0.08313120176405733,,,,
94,La Concepción,0.09643501179081704,0.11545838128116609,0.14331607211354047,0.21624472573839662,0.2869198312236287,0.13382240122746453,0.1042385884158036,0.23806098964326813,0.09977943996931339,0.12279439969313387,0.2381,0.4379,56.46,0.861958189489835,0.443733659676253,0.556266340323747,0.137993862677407,0.4405837387074357,0.5594162612925643,0.092,,,0.10453737681460454,0.14394524781984766,0.03753173639474556,0.020421680097140966,0.0038635610994591013,,,,,,0.12230715774843641,,,,,0.04968728283530229,,,,
95,San Pascual,0.08383039718869931,0.11820187534473249,0.13943739658025373,0.1942084942084942,0.28659680088251516,0.17413127413127413,0.08742415885273028,0.2615554329840044,0.10441257584114727,0.1259238830667402,0.2616,0.3342,63.26,0.919084390512962,0.45015903498769727,0.5498409650123027,0.08091560948703806,0.4451261077027948,0.5548738922972052,0.051,,,0.08688176509958688,0.12843671138265375,0.03240802231372028,0.022048080754416256,0.0039845929074246245,,,,,,0.11997273346966598,,,,,0.02931152010906612,,,,
96,San Juan Bautista,0.0577380126693485,0.14294866661327782,0.16176823896852727,0.19059822215103708,0.2893409145511332,0.14326899975975013,0.07207495795627453,0.21534395771602466,0.12965484103467606,0.15576199247217107,0.2153,0.3347,59.01,0.9044606390646273,0.46537984770674695,0.5346201522932531,0.09545927764875471,0.4639261744966443,0.5360738255033557,0.0518,,,0.05616330863855616,0.09636326279021985,0.0260941031436203,0.028559687692623792,0.006780357509759606,,,,,,0.03607382550335571,,,,,0.01174496644295302,,,,
97,Colina,0.029532528783465115,0.14435572256145296,0.14294661030217629,0.21246281509315798,0.27493345858775636,0.15641146077970877,0.06888993267574761,0.22530139345545638,0.1283857836229842,0.1556286206356662,0.2253,0.3058,61.53,0.8988570533896978,0.44748301689601117,0.5525169831039889,0.10114294661030218,0.456656346749226,0.5433436532507739,0.0526,,,0.029587574142029588,0.093603744149766,0.02691107644305772,0.029641185647425898,0.010530421216848674,,,,,,0.058823529411764705,,,,,0.01393188854489164,,,,
98,Atalaya,0.007250196513617238,0.15880102040816327,0.15943877551020408,0.16709183673469388,0.2857142857142857,0.16326530612244897,0.06568877551020408,0.22895408163265307,0.13201530612244897,0.16709183673469388,0.229,0.2869,65.58,0.8979591836734694,0.42329545454545453,0.5767045454545454,0.10204081632653061,0.3625,0.6375,0.0536,,,0.00651988275750652,0.09557522123893805,0.02831858407079646,0.033628318584070796,0.005309734513274336,,,,,,0.01875,,,,,0.03125,,,,
99,Costillares,0.10177093448004809,0.14388914129940936,0.17791912766924126,0.1684234438891413,0.29123125851885506,0.1578827805542935,0.060654248069059516,0.21853702862335303,0.1340299863698319,0.15661063153112223,0.2185,0.2775,60.04,0.9480690595184007,0.47289979393300424,0.5271002060669957,0.051930940481599276,0.3884514435695538,0.6115485564304461,0.0278,,,0.09153223014609153,0.09064548663640948,0.024836106908724155,0.022945032778618254,0.0070600100857286935,,,,,,0.04286964129483815,,,,,0.008748906386701663,,,,
100,Palomas,0.03606580016678441,0.19219440353460973,0.17952871870397644,0.16568483063328424,0.3153166421207658,0.11899852724594992,0.028276877761413844,0.14727540500736377,0.18159057437407952,0.20839469808541974,0.1473,0.192,55.2,0.9008836524300442,0.4930521497466078,0.5069478502533922,0.09911634756995581,0.4487369985141159,0.5512630014858841,0.0349,,,0.03128432645258848,0.0392156862745098,0.02051983584131327,0.03237574099407205,0.009119927040583675,,,0.03268945022288262,,,,,,,,,0.3060921248142645,,,
101,Piovera,0.0792013470231108,0.1687344913151365,0.19113406210180403,0.16900274964791093,0.33257326805713905,0.10488900811481457,0.033666420763194954,0.13855542887800953,0.15693112467306017,0.1839581517000872,0.1386,0.243,47.6,0.853329756555563,0.48168814838101226,0.5183118516189877,0.146670243444437,0.4691358024691358,0.5308641975308642,0.0445,,,0.0696015635030457,0.041811846689895474,0.017831522853043656,0.03012912482065997,0.005124000819840131,,,0.03383630544124371,,,,,,,,,0.41335162322816643,,,
102,Canillas,0.21553432093781705,0.11336192025235349,0.14088915175710975,0.20062595495095864,0.2823944009068954,0.1825619793977032,0.08016659273497954,0.26272857213268275,0.10136034304302824,0.1223815860811277,0.2627,0.3051,62.63,0.9096554783380156,0.46908864325964456,0.5309113567403554,0.09034452166198433,0.43753409710856517,0.5624659028914348,0.0522,,,0.22841980627398395,0.1020484636522608,0.027229577816637523,0.01842368223832126,0.0034349238071446414,,,0.0706492089470813,,,,,,,,,0.11374795417348608,,,
103,Pinar del Rey,0.2798737962574429,0.11711677516084341,0.1423582775046972,0.20460799757074263,0.27258924674043006,0.1733692660985747,0.089958436924712,0.26332770302328673,0.10333833102427359,0.12508777590100775,0.2633,0.3416,63.51,0.8928849329107438,0.4633026547920165,0.5366973452079835,0.10709608851606536,0.43930533404217614,0.5606946659578238,0.0729,,,0.3034708055749725,0.11507544775066986,0.031636346542565696,0.02195271000799135,0.0035255958256945425,,,0.08789650894914053,,,,,,,,,0.018075491759702286,,,
104,Apóstol Santiago,0.08189433092363504,0.1163575042158516,0.17057984174341678,0.18601634453236476,0.31930211441172657,0.13172914774938382,0.07601504734725645,0.2077441950966403,0.10701777143598391,0.1269295628486185,0.2077,0.3659,50.3,0.9090024646517058,0.47677488405280055,0.5232251159471994,0.0909975353482942,0.4333570919458304,0.5666429080541696,0.0611,,,0.08269732806459436,0.10470933241331723,0.02915301017767811,0.019147835087114023,0.003967569432465068,,,0.07056307911617961,,,,,,,,,0.0270848182466144,,,
105,Valdefuentes,0.3074304046912098,0.2611828124190121,0.12287703657630575,0.30033345427529845,0.24250591751757977,0.0566181171063771,0.01648266210542684,0.07310077921180394,0.2181274728312514,0.27312151212011265,0.0731,0.2255,52.96,0.9046113443563296,0.4951487833759884,0.5048512166240117,0.09538865564367041,0.43886976996920846,0.5611302300307915,0.053,,,0.284526170130815,0.021057909250438708,0.010278265229380797,0.046026573075958886,0.01539232890448734,,,0.13838072812896215,,,,,,,,,0.042745879369679406,,,
106,"Villaverde Alto, C.H. Villaverde",0.3036209641127597,0.15093797009114238,0.1722413945668525,0.21564463321829927,0.2915007521458278,0.10260153968675338,0.06707371029112467,0.16967524997787806,0.13164764180161048,0.16111406070259268,0.1697,0.3953,0.373,0.8014556233961596,0.472798034723564,0.527201965276436,0.19852225466772852,0.48573657232003564,0.5142634276799644,0.1521,,,0.3070894193088707,0.08944926120405422,0.02320185614849188,0.025522041763341066,0.003785566003174991,,,,,,,,,,,,,0.1593492311121016,0.11878760864720303,
107,San Cristóbal,0.10781620467078175,0.1810989284824321,0.20140792424619985,0.2332419636182407,0.2561051582357339,0.06267131821579866,0.06547470720159482,0.12814602541739348,0.15499626214801893,0.1918141041614752,0.1281,0.5109,0.2968,0.6781086468975829,0.47551676619200733,0.5244832338079927,0.3217667580363818,0.5142303969022265,0.48576960309777345,0.2907,,,0.09592559953499709,0.09910086004691165,0.02638780297107115,0.02521501172791243,0.003518373729476153,,,,,,,,,,,,,0.052855759922555666,0.2143272023233301,
108,Butarque,0.12674381897194442,0.23751987281399045,0.13709591944886063,0.28590355060943295,0.25188129305776363,0.06592474827768946,0.02167461579226285,0.0875993640699523,0.2133015368309486,0.2485426603073662,0.0876,0.2474,0.3197,0.8607313195548489,0.48707055781307723,0.5129294421869228,0.13926868044515103,0.4562404870624049,0.5437595129375952,0.0968,,,0.1239195244970281,0.03343924950824633,0.011802088061733999,0.051747616886064454,0.007868058707822666,,,,,,,,,,,,,0.17275494672754946,0.08904109589041095,
109,Los Rosales,0.2524599853576298,0.144092372362785,0.17769441562242264,0.2040599143320829,0.30768616809003113,0.11315082342299199,0.05331630616968633,0.16646712959267831,0.13065687604756965,0.15539947322212466,0.1665,0.3203,0.3254,0.8080719397664086,0.4787475718565832,0.5212524281434169,0.1918748503471945,0.4894620077648364,0.5105379922351636,0.1506,,,0.24761404758779743,0.07526881720430108,0.022414054217779797,0.021732545812509465,0.004543389368468878,,,,,,,,,,,,,0.1264559068219634,0.1048252911813644,
110,Los Ángeles,0.20935902688688432,0.11472569778633301,0.15171639396855952,0.1959897337183189,0.2721527109400064,0.15665704202759062,0.10875842155919153,0.26541546358678214,0.09945460378569138,0.12213666987487969,0.2654,0.4098,0.3214,0.8401668270773179,0.4646021078356499,0.5353978921643501,0.15983317292268207,0.47109594540345245,0.5289040545965475,0.1257,,,0.2254514090713067,0.12766134397870924,0.03210246174318031,0.01912840984697272,0.002162341982701264,,,,,,,,,,,,,0.13388197511039743,0.06904857486953031,
111,Casco Histórico de Vallecas,0.3647361367669963,0.16146971201588878,0.1711519364448858,0.2314299900695134,0.27070506454816284,0.10888778550148957,0.05635551142005958,0.16524329692154915,0.1429493545183714,0.17301390268123137,0.1652,0.341,51.12,0.8369910625620656,0.4798896600818651,0.5201103399181349,0.16300893743793446,0.4931465123362778,0.5068534876637222,0.1152,,,0.35132703553756184,0.08194622279129321,0.02466473482040569,0.025406024664734822,0.0035716692499494574,,,,,,0.21230581784952787,,,,,,,,,0.18032287541882425
112,Santa Eugenia,0.22029048498677967,0.1085580401183821,0.17165406116409077,0.19121999342321605,0.31597336402499177,0.16051463334429464,0.05207990792502466,0.21259454126931931,0.09741861229858599,0.11702564945741532,0.2126,0.245,49.17,0.8968267017428477,0.4810248418736823,0.5189751581263177,0.10317329825715225,0.47689243027888445,0.5231075697211155,0.0371,,,0.21159173236735562,0.08425646189996643,0.024952444892021933,0.016560367013539218,0.0031330424079668794,,,,,,0.5278884462151394,,,,,,,,,0.014342629482071713
113,Ensanche de Vallecas,0.41497337824622405,0.2436938116435367,0.11538797241860871,0.3961770096884001,0.20208169677926158,0.031334555293706906,0.01132495417648599,0.0426595094701929,0.19165139216199703,0.25091647028017805,0.0427,0.2655,41.56,0.9025268394867766,0.4973284011508426,0.5026715988491575,0.09747316051322336,0.44683232594582495,0.5531676740541751,0.0637,,,0.4370812320950825,0.011158658794214831,0.008071068739504902,0.047993066464438544,0.01121282704078869,,,,,,0.12648309827624804,,,,,,,,,0.11282740094022835
114,Casco Histórico de Vicálvaro,0.48271081163519397,0.14079733455882354,0.1562212775735294,0.22515510110294118,0.26433249080882354,0.13433478860294118,0.07915900735294118,0.21349379595588236,0.12560317095588236,0.15047679227941177,0.2135,0.3708,57.23,0.8023035386029411,0.4789675294454588,0.5210324705545413,0.19769646139705882,0.49426122330379196,0.505738776696208,0.1088,,,0.5035834095760903,0.10461771385314156,0.032778198334595006,0.023921271763815293,0.0029523088569265708,,,,,,0.32921691123056807,,,,,,,,,0.1062036902513439
115,Valdebernardo,0.24454426975015944,0.12739539630343577,0.23120535208073478,0.128075745549382,0.40395736478058736,0.08107495180859507,0.028291189477264996,0.10936614128586007,0.12767887515591336,0.14440412745209208,0.1094,0.2587,34.01,0.9387685678648373,0.47777509361033943,0.5222249063896606,0.06123143213516272,0.44166666666666665,0.5583333333333333,0.0399,,,0.23265477279658434,0.0404718990660331,0.015566115025397346,0.020809437981320664,0.004260199901687694,,,,,,0.1638888888888889,,,,,,,,,0.053703703703703705
116,Valderrivas,0.25153204115020933,0.2794069011134384,0.10561128872230184,0.2402160732003087,0.31892845331275493,0.041781501488259286,0.014055782162936832,0.05583728365119612,0.2657369639510528,0.29280123470400177,0.0558,0.2517,53.52,0.9642266563774666,0.4923683759217973,0.5076316240782027,0.03577334362253335,0.43297380585516176,0.5670261941448382,0.018,,,0.24031716986886245,0.018083756345177664,0.00840736040609137,0.05123730964467005,0.011104060913705584,,,,,,0.1694915254237288,,,,,,,,,0.015408320493066256
117,El Cañaveral,0.021212877464437233,0.23921568627450981,0.12287581699346405,0.4013071895424837,0.2045751633986928,0.02875816993464052,0.0032679738562091504,0.03202614379084967,0.18496732026143792,0.24705882352941178,0.032,0.102,38.71,0.9156862745098039,0.5210563882940756,0.47894361170592437,0.08431372549019608,0.4263565891472868,0.5736434108527132,0.0438,,,0.023444647758462948,0.0016260162601626016,0.0065040650406504065,0.026016260162601626,0.0032520325203252032,,,,,,0.23255813953488372,,,,,,,,,0.09302325581395349
118,Simancas,0.17651075452372825,0.14642882727989112,0.15731785944551901,0.23644243857009814,0.30059459846693887,0.08628841607565012,0.07292786016190271,0.15921627623755283,0.1310982162045992,0.156207464718103,0.1592,0.458,46.08,0.8314707357260549,0.46753974066255977,0.5324602593374402,0.16852926427394513,0.4865037194473964,0.5134962805526037,0.1167,,,0.1815981033791906,0.10021145536453066,0.02638595200882596,0.02896019122919923,0.0047807299806932055,,,0.07842720510095642,,,0.11540913921360255,,,,,,,,,
119,Hellín,0.05789486994676479,0.11477558152233264,0.15758436169051,0.20039314185868734,0.29048815114120347,0.0927159550070984,0.14404280878016817,0.23675876378726657,0.10057879218084526,0.12329365512722508,0.2368,0.6084,56.26,0.8747406355793382,0.45942571785268416,0.5405742821473158,0.1252593644206618,0.43679163034001744,0.5632083696599826,0.0937,,,0.061673567517029515,0.1497022198159177,0.033567948023822416,0.017325392528424473,0.0016242555495397943,,,0.08020924149956409,,,0.13251961639058413,,,,,,,,,
120,Amposta,0.05421519163410594,0.1434402332361516,0.1678134110787172,0.2078134110787172,0.28723032069970844,0.09072886297376093,0.10297376093294461,0.19370262390670553,0.12338192419825073,0.1517201166180758,0.1937,0.5316,52.77,0.8393002915451895,0.46519383076281784,0.5348061692371822,0.1606997084548105,0.44992743105950656,0.5500725689404935,0.1249,,,0.05611393081340991,0.11841713775662005,0.03332341565010413,0.02677774471883368,0.0017851829812555787,,,0.09941944847605225,,,0.12191582002902758,,,,,,,,,
121,Arcos,0.15307335331234273,0.14241460493164265,0.16637065796538764,0.19714179505183593,0.31361777704349264,0.09896328115319483,0.08149188385444632,0.18045516500764117,0.13291479079757135,0.15592086241790923,0.1805,0.4516,50.69,0.9026888604353394,0.46840539922214597,0.531594600777854,0.0973111395646607,0.4626485568760611,0.5373514431239389,0.0682,,,0.14985975691198078,0.09781639928698752,0.024955436720142603,0.02194741532976827,0.0033422459893048127,,,0.06748726655348047,,,0.166383701188455,,,,,,,,,
122,Rosas,0.20027692424414856,0.1578747987498816,0.1805726552388168,0.1517820500678726,0.37481453420462796,0.09735770432806137,0.037598257410739654,0.13495596173880103,0.15771695551977777,0.17659500584019952,0.135,0.2786,45.25,0.9453862423840641,0.48345410224730356,0.5165458977526964,0.05458218896991508,0.42452284557547715,0.5754771544245229,0.0298,,,0.18467009483104047,0.047192839707078924,0.01618298526353856,0.026579875237320316,0.005243648856342103,,,0.09196067090803933,,,0.21804511278195488,,,,,,,,,
123,Rejas,0.1055410138715021,0.19379380578685676,0.13969927514527047,0.2888036901695321,0.26538069849637574,0.0660156952015815,0.046306835200383395,0.1123225304019649,0.16701611453902834,0.20295932426765712,0.1123,0.4123,46.05,0.8265141077098185,0.4927158077843009,0.5072841922156991,0.17348589229018152,0.46408839779005523,0.5359116022099447,0.1063,,,0.11167690663817283,0.05396920316938257,0.021228883241142173,0.032889819105994915,0.008521453132007775,,,0.17645027624309392,,,0.09910220994475138,,,,,,,,,
124,Canillejas,0.18072152042790485,0.12090680100755667,0.15064371676462357,0.21256647075286875,0.28351525328855304,0.1540372236216065,0.0783305345647915,0.232367758186398,0.10600335852225021,0.12881332213825916,0.2324,0.3371,56.54,0.8487965295270081,0.47090099744456354,0.5290990025554365,0.15120347047299187,0.45788986580286906,0.5421101341971309,0.0948,,,0.18271670896220116,0.10124269005847954,0.03179824561403509,0.018731725146198832,0.003198099415204678,,,0.07010643220731143,,,0.21517815826006478,,,,,,,,,
125,El Salvador,0.0717663720395028,0.1070390273984671,0.1937274248964849,0.14976654039291692,0.3422605937802837,0.13743282530173553,0.06977358823011189,0.2072064135318474,0.09963879834375826,0.11796317505065633,0.2072,0.3367,48.19,0.920799929521628,0.47541140451588215,0.5245885954841178,0.07920007047837195,0.44160177975528364,0.5583982202447163,0.0423,,,0.07169093094697476,0.08290638099673964,0.028178854215183978,0.019795062878435025,0.00535631113181183,,,0.07452725250278086,,,0.0867630700778643,,,,,,,,,
126,Alameda de Osuna,0.3987176345666912,0.15609955956161017,0.1253200860391273,0.20132131516951757,0.2609341390965892,0.208286387380928,0.0480385127522278,0.2563249001331558,0.1428864078664345,0.1667520229437673,0.2563,0.1874,73.33,0.9434600020485506,0.4837151232222343,0.5162848767777657,0.05653999795144935,0.43478260869565216,0.5652173913043478,0.0259,,,0.39679238053533306,0.08277003724651676,0.03214236446406401,0.024968961236032556,0.008277003724651675,,,0.06974637681159421,,,0.10416666666666667,,,,,,,,,
127,Aeropuerto,0.03779710855182553,0.14802809292274446,0.1620745542949757,0.24689357104267964,0.2922744462452728,0.08535926526202053,0.06537007023230686,0.1507293354943274,0.12641815235008103,0.157752566180443,0.1507,0.4337,44.61,0.7963263101026472,0.5169606512890095,0.4830393487109905,0.2036736898973528,0.5039787798408488,0.4960212201591512,0.1513,,,0.037604685532869886,0.08151382823871907,0.03202328966521106,0.020378457059679767,0.00727802037845706,,,0.08222811671087533,,,0.19363395225464192,,,,,,,,,
128,Casco Histórico de Barajas,0.15447602711753655,0.1132848645076008,0.15148711169861204,0.2663582286847323,0.28578982154659616,0.1208195637805684,0.062260409781890284,0.1830799735624587,0.09517514871116986,0.12029081295439524,0.1831,0.3401,43.55,0.8165234633179115,0.4887485834547515,0.5112514165452485,0.18347653668208858,0.4531700288184438,0.5468299711815562,0.1145,,,0.17072636706989983,0.07983327989740302,0.023725553061878808,0.017633857005450466,0.0025649246553382495,,,0.08213256484149856,,,0.17723342939481268,,,,,,,,,
129,Timón,0.25296087560238506,0.19954794962867292,0.14296092993219245,0.2793025508556668,0.2762350661930901,0.07063287051985792,0.03132063287051986,0.10195350339037779,0.1656441717791411,0.2097998062641266,0.102,0.3072,45.3,0.9007103648692283,0.48333034594013263,0.5166696540598673,0.09928963513077171,0.42520325203252035,0.5747967479674797,0.0575,,,0.25365373036290983,0.039922313336210616,0.015105740181268883,0.044454035390591284,0.00906344410876133,,,0.1024390243902439,,,0.14878048780487804,,,,,,,,,
130,Corralejos,0.1560483541615617,0.23279246270609788,0.14119340486783563,0.20204135043182414,0.3234755299659775,0.06896100497252028,0.03153624705574457,0.10049725202826486,0.22036116199947658,0.2511122742737503,0.1005,0.3138,54.23,0.933525255168804,0.49481356882534344,0.5051864311746566,0.06647474483119602,0.4251968503937008,0.5748031496062992,0.0254,,,0.14122283649898734,0.03178294573643411,0.012015503875968992,0.043410852713178294,0.014728682170542635,,,0.07874015748031496,,,0.04921259842519685,,,,,,,,,
